\\U00000023, _emoj_number_
\\U000020e3,hash_ 
\\U00000030, _emoj_number_
\\U000020e3,zero_ 
\\U00000031, _emoj_number_
\\U000020e3,one_ 
\\U00000032, _emoj_number_
\\U000020e3,two_ 
\\U00000033, _emoj_number_
\\U000020e3,three_ 
\\U00000034, _emoj_number_
\\U000020e3,four_ 
\\U00000035, _emoj_number_
\\U000020e3,five_ 
\\U00000036, _emoj_number_
\\U000020e3,six_ 
\\U00000037, _emoj_number_
\\U000020e3,seven_ 
\\U00000038, _emoj_number_
\\U000020e3,eight_ 
\\U00000039, _emoj_number_
\\U000020e3,nine_ 
\\U000000a9, _emoj_copyright_ 
\\U000000ae, _emoj_registered_ 
\\U0000203c, _emoj_bangbang_ 
\\U00002049, _emoj_interrobang_ 
\\U00002122, _emoj_tm_ 
\\U00002139, _emoj_information_source_ 
\\U00002194, _emoj_left_right_arrow_ 
\\U00002195, _emoj_arrow_up_down_ 
\\U00002196, _emoj_arrow_upper_left_ 
\\U00002197, _emoj_arrow_upper_right_ 
\\U00002198, _emoj_arrow_lower_right_ 
\\U00002199, _emoj_arrow_lower_left_ 
\\U000021a9, _emoj_leftwards_arrow_with_hook_ 
\\U000021aa, _emoj_arrow_right_hook_ 
\\U0000231a, _emoj_watch_ 
\\U0000231b, _emoj_hourglass_ 
\\U000023e9, _emoj_fast_forward_ 
\\U000023ea, _emoj_rewind_ 
\\U000023eb, _emoj_arrow_double_up_ 
\\U000023ec, _emoj_arrow_double_down_ 
\\U000023f0, _emoj_alarm_clock_ 
\\U000023f3, _emoj_hourglass_flowing_sand_ 
\\U000024c2, _emoj_m_ 
\\U000025aa, _emoj_black_small_square_ 
\\U000025ab, _emoj_white_small_square_ 
\\U000025b6, _emoj_arrow_forward_ 
\\U000025c0, _emoj_arrow_backward_ 
\\U000025fb, _emoj_white_medium_square_ 
\\U000025fc, _emoj_black_medium_square_ 
\\U000025fd, _emoj_white_medium_small_square_ 
\\U000025fe, _emoj_black_medium_small_square_ 
\\U00002600, _emoj_sunny_ 
\\U00002601, _emoj_cloud_ 
\\U0000260e, _emoj_phone_ 
\\U00002611, _emoj_ballot_box_with_check_ 
\\U00002614, _emoj_umbrella_ 
\\U00002615, _emoj_coffee_ 
\\U0000261d, _emoj_point_up_ 
\\U0000263a, _emoj_relaxed_ 
\\U00002648, _emoj_aries_ 
\\U00002649, _emoj_taurus_ 
\\U0000264a, _emoj_gemini_ 
\\U0000264b, _emoj_cancer_ 
\\U0000264c, _emoj_leo_ 
\\U0000264d, _emoj_virgo_ 
\\U0000264e, _emoj_libra_ 
\\U0000264f, _emoj_scorpius_ 
\\U00002650, _emoj_sagittarius_ 
\\U00002651, _emoj_capricorn_ 
\\U00002652, _emoj_aquarius_ 
\\U00002653, _emoj_pisces_ 
\\U00002660, _emoj_spades_ 
\\U00002663, _emoj_clubs_ 
\\U00002665, _emoj_heart_+_emoj_heart_ 
\\U00002666, _emoj_diamonds_ 
\\U00002668, _emoj_hotsprings_ 
\\U0000267b, _emoj_recycle_ 
\\U0000267f, _emoj_wheelchair_ 
\\U00002693, _emoj_anchor_ 
\\U000026a0, _emoj_warning_ 
\\U000026a1, _emoj_zap_ 
\\U000026aa, _emoj_white_circle_ 
\\U000026ab, _emoj_black_circle_ 
\\U000026bd, _emoj_soccer_ 
\\U000026be, _emoj_baseball_ 
\\U000026c4, _emoj_snowman_ 
\\U000026c5, _emoj_partly_sunny_ 
\\U000026ce, _emoj_ophiuchus_ 
\\U000026d4, _emoj_no_entry_ 
\\U000026ea, _emoj_church_ 
\\U000026f2, _emoj_fountain_ 
\\U000026f3, _emoj_golf_ 
\\U000026f5, _emoj_sailboat_ 
\\U000026fa, _emoj_tent_ 
\\U000026fd, _emoj_fuelpump_ 
\\U00002702, _emoj_scissors_ 
\\U00002705, _emoj_white_check_mark_ 
\\U00002708, _emoj_airplane_ 
\\U00002709, _emoj_email_ 
\\U0000270a, _emoj_fist_ 
\\U0000270b, _emoj_hand_ 
\\U0000270c, _emoj_v_ 
\\U0000270f, _emoj_pencil2_ 
\\U00002712, _emoj_black_nib_ 
\\U00002714, _emoj_heavy_check_mark_ 
\\U00002716, _emoj_heavy_multiplication_x_ 
\\U00002728, _emoj_sparkles_ 
\\U00002733, _emoj_eight_spoked_asterisk_ 
\\U00002734, _emoj_eight_pointed_black_star_ 
\\U00002744, _emoj_snowflake_ 
\\U00002747, _emoj_sparkle_ 
\\U0000274c, _emoj_x_ 
\\U0000274e, _emoj_negative_squared_cross_mark_ 
\\U00002753, _emoj_question_ 
\\U00002754, _emoj_grey_question_ 
\\U00002755, _emoj_grey_exclamation_ 
\\U00002757, _emoj_heavy_exclamation_mark_ 
\\U00002764, _emoj_heart_ 
\\U00002795, _emoj_heavy_plus_sign_ 
\\U00002796, _emoj_heavy_minus_sign_ 
\\U00002797, _emoj_heavy_division_sign_ 
\\U000027a1, _emoj_arrow_right_ 
\\U000027b0, _emoj_curly_loop_ 
\\U000027bf, _emoj_loop_ 
\\U00002934, _emoj_arrow_heading_up_ 
\\U00002935, _emoj_arrow_heading_down_ 
\\U00002b05, _emoj_arrow_left_ 
\\U00002b06, _emoj_arrow_up_ 
\\U00002b07, _emoj_arrow_down_ 
\\U00002b1b, _emoj_black_large_square_ 
\\U00002b1c, _emoj_white_large_square_ 
\\U00002b50, _emoj_star_ 
\\U00002b55, _emoj_o_ 
\\U00003030, _emoj_wavy_dash_ 
\\U0000303d, _emoj_part_alternation_mark_ 
\\U00003297, _emoj_congratulations_ 
\\U00003299, _emoj_secret_ 
\\U0001f004, _emoj_mahjong_ 
\\U0001f0cf, _emoj_black_joker_ 
\\U0001f170, _emoj_a_ 
\\U0001f171, _emoj_b_ 
\\U0001f17e, _emoj_o2_ 
\\U0001f17f, _emoj_parking_ 
\\U0001f18e, _emoj_ab_ 
\\U0001f191, _emoj_cl_ 
\\U0001f192, _emoj_cool_ 
\\U0001f193, _emoj_free_ 
\\U0001f194, _emoj_id_ 
\\U0001f195, _emoj_new_ 
\\U0001f196, _emoj_ng_ 
\\U0001f197, _emoj_ok_ 
\\U0001f198, _emoj_sos_ 
\\U0001f199, _emoj_up_ 
\\U0001f19a, _emoj_vs_ 
\\U0001f1e8, _emoj_flag_
\\U0001f1f3,cn_ 
\\U0001f1e9, _emoj_flag_
\\U0001f1ea,de_ 
\\U0001f1ea, _emoj_flag_
\\U0001f1f8,es_ 
\\U0001f1eb, _emoj_flag_
\\U0001f1f7,fr_ 
\\U0001f1ec, _emoj_flag_
\\U0001f1e7,gb_ 
\\U0001f1ee, _emoj_flag_
\\U0001f1f9,it_ 
\\U0001f1ef, _emoj_flag_
\\U0001f1f5,jp_ 
\\U0001f1f0, _emoj_flag_
\\U0001f1f7,kr_ 
\\U0001f1f7, _emoj_flag_
\\U0001f1fa,ru_ 
\\U0001f1fa, _emoj_flag_
\\U0001f1f8,us_ 
\\U0001f201, _emoj_koko_ 
\\U0001f202, _emoj_sa_ 
\\U0001f21a, _emoj_u7121_ 
\\U0001f22f, _emoj_u6307_ 
\\U0001f232, _emoj_u7981_ 
\\U0001f233, _emoj_u7a7a_ 
\\U0001f234, _emoj_u5408_ 
\\U0001f235, _emoj_u6e80_ 
\\U0001f236, _emoj_u6709_ 
\\U0001f237, _emoj_u6708_ 
\\U0001f238, _emoj_u7533_ 
\\U0001f239, _emoj_u5272_ 
\\U0001f23a, _emoj_u55b6_ 
\\U0001f250, _emoj_ideograph_advantage_ 
\\U0001f251, _emoj_accept_ 
\\U0001f300, _emoj_cyclone_ 
\\U0001f301, _emoj_foggy_ 
\\U0001f302, _emoj_closed_umbrella_ 
\\U0001f303, _emoj_night_with_stars_ 
\\U0001f304, _emoj_sunrise_over_mountains_ 
\\U0001f305, _emoj_sunrise_ 
\\U0001f306, _emoj_city_sunset_ 
\\U0001f307, _emoj_city_sunrise_ 
\\U0001f308, _emoj_rainbow_ 
\\U0001f309, _emoj_bridge_at_night_ 
\\U0001f30a, _emoj_ocean_ 
\\U0001f30b, _emoj_volcano_ 
\\U0001f30c, _emoj_milky_way_ 
\\U0001f30d, _emoj_earth_africa_ 
\\U0001f30e, _emoj_earth_americas_ 
\\U0001f30f, _emoj_earth_asia_ 
\\U0001f310, _emoj_globe_with_meridians_ 
\\U0001f311, _emoj_new_moon_ 
\\U0001f312, _emoj_waxing_crescent_moon_ 
\\U0001f313, _emoj_first_quarter_moon_ 
\\U0001f314, _emoj_waxing_gibbous_moon_ 
\\U0001f315, _emoj_full_moon_ 
\\U0001f316, _emoj_waning_gibbous_moon_ 
\\U0001f317, _emoj_last_quarter_moon_ 
\\U0001f318, _emoj_waning_crescent_moon_ 
\\U0001f319, _emoj_crescent_moon_ 
\\U0001f31a, _emoj_new_moon_with_face_ 
\\U0001f31b, _emoj_first_quarter_moon_with_face_ 
\\U0001f31c, _emoj_last_quarter_moon_with_face_ 
\\U0001f31d, _emoj_full_moon_with_face_ 
\\U0001f31e, _emoj_sun_with_face_ 
\\U0001f31f, _emoj_star2_ 
\\U0001f320, _emoj_stars_ 
\\U0001f330, _emoj_chestnut_ 
\\U0001f331, _emoj_seedling_ 
\\U0001f332, _emoj_evergreen_tree_ 
\\U0001f333, _emoj_deciduous_tree_ 
\\U0001f334, _emoj_palm_tree_ 
\\U0001f335, _emoj_cactus_ 
\\U0001f337, _emoj_tulip_ 
\\U0001f338, _emoj_cherry_blossom_ 
\\U0001f339, _emoj_rose_ 
\\U0001f33a, _emoj_hibiscus_ 
\\U0001f33b, _emoj_sunflower_ 
\\U0001f33c, _emoj_blossom_ 
\\U0001f33d, _emoj_corn_ 
\\U0001f33e, _emoj_ear_of_rice_ 
\\U0001f33f, _emoj_herb_ 
\\U0001f340, _emoj_four_leaf_clover_ 
\\U0001f341, _emoj_maple_leaf_ 
\\U0001f342, _emoj_fallen_leaf_ 
\\U0001f343, _emoj_leaves_ 
\\U0001f344, _emoj_mushroom_ 
\\U0001f345, _emoj_tomato_ 
\\U0001f346, _emoj_eggplant_ 
\\U0001f347, _emoj_grapes_ 
\\U0001f348, _emoj_melon_ 
\\U0001f349, _emoj_watermelon_ 
\\U0001f34a, _emoj_tangerine_ 
\\U0001f34b, _emoj_lemon_ 
\\U0001f34c, _emoj_banana_ 
\\U0001f34d, _emoj_pineapple_ 
\\U0001f34e, _emoj_apple_ 
\\U0001f34f, _emoj_green_apple_ 
\\U0001f350, _emoj_pear_ 
\\U0001f351, _emoj_peach_ 
\\U0001f352, _emoj_cherries_ 
\\U0001f353, _emoj_strawberry_ 
\\U0001f354, _emoj_hamburger_ 
\\U0001f355, _emoj_pizza_ 
\\U0001f356, _emoj_meat_on_bone_ 
\\U0001f357, _emoj_poultry_leg_ 
\\U0001f358, _emoj_rice_cracker_ 
\\U0001f359, _emoj_rice_ball_ 
\\U0001f35a, _emoj_rice_ 
\\U0001f35b, _emoj_curry_ 
\\U0001f35c, _emoj_ramen_ 
\\U0001f35d, _emoj_spaghetti_ 
\\U0001f35e, _emoj_bread_ 
\\U0001f35f, _emoj_fries_ 
\\U0001f360, _emoj_sweet_potato_ 
\\U0001f361, _emoj_dango_ 
\\U0001f362, _emoj_oden_ 
\\U0001f363, _emoj_sushi_ 
\\U0001f364, _emoj_fried_shrimp_ 
\\U0001f365, _emoj_fish_cake_ 
\\U0001f366, _emoj_icecream_ 
\\U0001f367, _emoj_shaved_ice_ 
\\U0001f368, _emoj_ice_cream_ 
\\U0001f369, _emoj_doughnut_ 
\\U0001f36a, _emoj_cookie_ 
\\U0001f36b, _emoj_chocolate_bar_ 
\\U0001f36c, _emoj_candy_ 
\\U0001f36d, _emoj_lollipop_ 
\\U0001f36e, _emoj_custard_ 
\\U0001f36f, _emoj_honey_pot_ 
\\U0001f370, _emoj_cake_ 
\\U0001f371, _emoj_bento_ 
\\U0001f372, _emoj_stew_ 
\\U0001f373, _emoj_egg_ 
\\U0001f374, _emoj_fork_and_knife_ 
\\U0001f375, _emoj_tea_ 
\\U0001f376, _emoj_sake_ 
\\U0001f377, _emoj_wine_glass_ 
\\U0001f378, _emoj_cocktail_ 
\\U0001f379, _emoj_tropical_drink_ 
\\U0001f37a, _emoj_beer_ 
\\U0001f37b, _emoj_beers_ 
\\U0001f37c, _emoj_baby_bottle_ 
\\U0001f380, _emoj_ribbon_ 
\\U0001f381, _emoj_gift_ 
\\U0001f382, _emoj_birthday_ 
\\U0001f383, _emoj_jack_o_lantern_ 
\\U0001f384, _emoj_christmas_tree_ 
\\U0001f385, _emoj_santa_ 
\\U0001f386, _emoj_fireworks_ 
\\U0001f387, _emoj_sparkler_ 
\\U0001f388, _emoj_balloon_ 
\\U0001f389, _emoj_tada_ 
\\U0001f38a, _emoj_confetti_ball_ 
\\U0001f38b, _emoj_tanabata_tree_ 
\\U0001f38c, _emoj_crossed_flags_ 
\\U0001f38d, _emoj_bamboo_ 
\\U0001f38e, _emoj_dolls_ 
\\U0001f38f, _emoj_flags_ 
\\U0001f390, _emoj_wind_chime_ 
\\U0001f391, _emoj_rice_scene_ 
\\U0001f392, _emoj_school_satchel_ 
\\U0001f393, _emoj_mortar_board_ 
\\U0001f3a0, _emoj_carousel_horse_ 
\\U0001f3a1, _emoj_ferris_wheel_ 
\\U0001f3a2, _emoj_roller_coaster_ 
\\U0001f3a3, _emoj_fishing_pole_and_fish_ 
\\U0001f3a4, _emoj_microphone_ 
\\U0001f3a5, _emoj_movie_camera_ 
\\U0001f3a6, _emoj_cinema_ 
\\U0001f3a7, _emoj_headphones_ 
\\U0001f3a8, _emoj_art_ 
\\U0001f3a9, _emoj_tophat_ 
\\U0001f3aa, _emoj_circus_tent_ 
\\U0001f3ab, _emoj_ticket_ 
\\U0001f3ac, _emoj_clapper_ 
\\U0001f3ad, _emoj_performing_arts_ 
\\U0001f3ae, _emoj_video_game_ 
\\U0001f3af, _emoj_dart_ 
\\U0001f3b0, _emoj_slot_machine_ 
\\U0001f3b1, _emoj_8ball_ 
\\U0001f3b2, _emoj_game_die_ 
\\U0001f3b3, _emoj_bowling_ 
\\U0001f3b4, _emoj_flower_playing_cards_ 
\\U0001f3b5, _emoj_musical_note_ 
\\U0001f3b6, _emoj_notes_ 
\\U0001f3b7, _emoj_saxophone_ 
\\U0001f3b8, _emoj_guitar_ 
\\U0001f3b9, _emoj_musical_keyboard_ 
\\U0001f3ba, _emoj_trumpet_ 
\\U0001f3bb, _emoj_violin_ 
\\U0001f3bc, _emoj_musical_score_ 
\\U0001f3bd, _emoj_running_shirt_with_sash_ 
\\U0001f3be, _emoj_tennis_ 
\\U0001f3bf, _emoj_ski_ 
\\U0001f3c0, _emoj_basketball_ 
\\U0001f3c1, _emoj_checkered_flag_ 
\\U0001f3c2, _emoj_snowboarder_ 
\\U0001f3c3, _emoj_running_ 
\\U0001f3c4, _emoj_surfer_ 
\\U0001f3c6, _emoj_trophy_ 
\\U0001f3c7, _emoj_horse_racing_ 
\\U0001f3c8, _emoj_football_ 
\\U0001f3c9, _emoj_rugby_football_ 
\\U0001f3ca, _emoj_swimmer_ 
\\U0001f3e0, _emoj_house_ 
\\U0001f3e1, _emoj_house_with_garden_ 
\\U0001f3e2, _emoj_office_ 
\\U0001f3e3, _emoj_post_office_ 
\\U0001f3e4, _emoj_european_post_office_ 
\\U0001f3e5, _emoj_hospital_ 
\\U0001f3e6, _emoj_bank_ 
\\U0001f3e7, _emoj_atm_ 
\\U0001f3e8, _emoj_hotel_ 
\\U0001f3e9, _emoj_love_hotel_ 
\\U0001f3ea, _emoj_convenience_store_ 
\\U0001f3eb, _emoj_school_ 
\\U0001f3ec, _emoj_department_store_ 
\\U0001f3ed, _emoj_factory_ 
\\U0001f3ee, _emoj_izakaya_lantern_ 
\\U0001f3ef, _emoj_japanese_castle_ 
\\U0001f3f0, _emoj_european_castle_ 
\\U0001f400, _emoj_rat_ 
\\U0001f401, _emoj_mouse2_ 
\\U0001f402, _emoj_ox_ 
\\U0001f403, _emoj_water_buffalo_ 
\\U0001f404, _emoj_cow2_ 
\\U0001f405, _emoj_tiger2_ 
\\U0001f406, _emoj_leopard_ 
\\U0001f407, _emoj_rabbit2_ 
\\U0001f408, _emoj_cat2_ 
\\U0001f409, _emoj_dragon_ 
\\U0001f40a, _emoj_crocodile_ 
\\U0001f40b, _emoj_whale2_ 
\\U0001f40c, _emoj_snail_ 
\\U0001f40d, _emoj_snake_ 
\\U0001f40e, _emoj_racehorse_ 
\\U0001f40f, _emoj_ram_ 
\\U0001f410, _emoj_goat_ 
\\U0001f411, _emoj_sheep_ 
\\U0001f412, _emoj_monkey_ 
\\U0001f413, _emoj_rooster_ 
\\U0001f414, _emoj_chicken_ 
\\U0001f415, _emoj_dog2_ 
\\U0001f416, _emoj_pig2_ 
\\U0001f417, _emoj_boar_ 
\\U0001f418, _emoj_elephant_ 
\\U0001f419, _emoj_octopus_ 
\\U0001f41a, _emoj_shell_ 
\\U0001f41b, _emoj_bug_ 
\\U0001f41c, _emoj_ant_ 
\\U0001f41d, _emoj_bee_ 
\\U0001f41e, _emoj_beetle_ 
\\U0001f41f, _emoj_fish_ 
\\U0001f420, _emoj_tropical_fish_ 
\\U0001f421, _emoj_blowfish_ 
\\U0001f422, _emoj_turtle_ 
\\U0001f423, _emoj_hatching_chick_ 
\\U0001f424, _emoj_baby_chick_ 
\\U0001f425, _emoj_hatched_chick_ 
\\U0001f426, _emoj_bird_ 
\\U0001f427, _emoj_penguin_ 
\\U0001f428, _emoj_koala_ 
\\U0001f429, _emoj_poodle_ 
\\U0001f42a, _emoj_dromedary_camel_ 
\\U0001f42b, _emoj_camel_ 
\\U0001f42c, _emoj_flipper_ 
\\U0001f42d, _emoj_mouse_ 
\\U0001f42e, _emoj_cow_ 
\\U0001f42f, _emoj_tiger_ 
\\U0001f430, _emoj_rabbit_ 
\\U0001f431, _emoj_cat_ 
\\U0001f432, _emoj_dragon_face_ 
\\U0001f433, _emoj_whale_ 
\\U0001f434, _emoj_horse_ 
\\U0001f435, _emoj_monkey_face_ 
\\U0001f436, _emoj_dog_ 
\\U0001f437, _emoj_pig_ 
\\U0001f438, _emoj_frog_ 
\\U0001f439, _emoj_hamster_ 
\\U0001f43a, _emoj_wolf_ 
\\U0001f43b, _emoj_bear_ 
\\U0001f43c, _emoj_panda_face_ 
\\U0001f43d, _emoj_pig_nose_ 
\\U0001f43e, _emoj_paw_prints_ 
\\U0001f440, _emoj_eyes_ 
\\U0001f442, _emoj_ear_ 
\\U0001f443, _emoj_nose_ 
\\U0001f444, _emoj_lips_ 
\\U0001f445, _emoj_tongue_ 
\\U0001f446, _emoj_point_up_2_ 
\\U0001f447, _emoj_point_down_ 
\\U0001f448, _emoj_point_left_ 
\\U0001f449, _emoj_point_right_ 
\\U0001f44a, _emoj_facepunch_ 
\\U0001f44b, _emoj_wave_ 
\\U0001f44c, _emoj_ok_hand_ 
\\U0001f44d, _emoj_thumbsup_ 
\\U0001f44e, _emoj_-1_ 
\\U0001f44f, _emoj_clap_ 
\\U0001f450, _emoj_open_hands_ 
\\U0001f451, _emoj_crown_ 
\\U0001f452, _emoj_womans_hat_ 
\\U0001f453, _emoj_eyeglasses_ 
\\U0001f454, _emoj_necktie_ 
\\U0001f455, _emoj_tshirt_ 
\\U0001f456, _emoj_jeans_ 
\\U0001f457, _emoj_dress_ 
\\U0001f458, _emoj_kimono_ 
\\U0001f459, _emoj_bikini_ 
\\U0001f45a, _emoj_womans_clothes_ 
\\U0001f45b, _emoj_purse_ 
\\U0001f45c, _emoj_handbag_ 
\\U0001f45d, _emoj_pouch_ 
\\U0001f45e, _emoj_shoe_ 
\\U0001f45f, _emoj_athletic_shoe_ 
\\U0001f460, _emoj_high_heel_ 
\\U0001f461, _emoj_sandal_ 
\\U0001f462, _emoj_boot_ 
\\U0001f463, _emoj_footprints_ 
\\U0001f464, _emoj_bust_in_silhouette_ 
\\U0001f465, _emoj_busts_in_silhouette_ 
\\U0001f466, _emoj_boy_ 
\\U0001f467, _emoj_girl_ 
\\U0001f468, _emoj_man_ 
\\U0001f469, _emoj_woman_ 
\\U0001f46a, _emoj_family_ 
\\U0001f46b, _emoj_couple_ 
\\U0001f46c, _emoj_two_men_holding_hands_ 
\\U0001f46d, _emoj_two_women_holding_hands_ 
\\U0001f46e, _emoj_cop_ 
\\U0001f46f, _emoj_dancers_ 
\\U0001f470, _emoj_bride_with_veil_ 
\\U0001f471, _emoj_person_with_blond_hair_ 
\\U0001f472, _emoj_man_with_gua_pi_mao_ 
\\U0001f473, _emoj_man_with_turban_ 
\\U0001f474, _emoj_older_man_ 
\\U0001f475, _emoj_older_woman_ 
\\U0001f476, _emoj_baby_ 
\\U0001f477, _emoj_construction_worker_ 
\\U0001f478, _emoj_princess_ 
\\U0001f479, _emoj_japanese_ogre_ 
\\U0001f47a, _emoj_japanese_goblin_ 
\\U0001f47b, _emoj_ghost_ 
\\U0001f47c, _emoj_angel_ 
\\U0001f47d, _emoj_alien_ 
\\U0001f47e, _emoj_space_invader_ 
\\U0001f47f, _emoj_imp_ 
\\U0001f480, _emoj_skull_ 
\\U0001f481, _emoj_information_desk_person_ 
\\U0001f482, _emoj_guardsman_ 
\\U0001f483, _emoj_dancer_ 
\\U0001f484, _emoj_lipstick_ 
\\U0001f485, _emoj_nail_care_ 
\\U0001f486, _emoj_massage_ 
\\U0001f487, _emoj_haircut_ 
\\U0001f488, _emoj_barber_ 
\\U0001f489, _emoj_syringe_ 
\\U0001f48a, _emoj_pill_ 
\\U0001f48b, _emoj_kiss_ 
\\U0001f48c, _emoj_love_letter_ 
\\U0001f48d, _emoj_ring_ 
\\U0001f48e, _emoj_gem_ 
\\U0001f48f, _emoj_couplekiss_ 
\\U0001f490, _emoj_bouquet_ 
\\U0001f491, _emoj_couple_+_emoj_heart_ 
\\U0001f492, _emoj_wedding_ 
\\U0001f493, _emoj_heart_ 
\\U0001f494, _emoj_broken_heart_ 
\\U0001f495, _emoj_heart_+_emoj_heart_ 
\\U0001f496, _emoj_heart_ 
\\U0001f497, _emoj_heart_ 
\\U0001f498, _emoj_cupid_ 
\\U0001f499, _emoj_heart_ 
\\U0001f49a, _emoj_heart_ 
\\U0001f49b, _emoj_heart_ 
\\U0001f49c, _emoj_heart_ 
\\U0001f49d, _emoj_gift_+_emoj_heart_ 
\\U0001f49e, _emoj_heart_+_emoj_heart_ 
\\U0001f49f, _emoj_heart_ 
\\U0001f4a0, _emoj_diamond_shape_with_a_dot_inside_ 
\\U0001f4a1, _emoj_bulb_ 
\\U0001f4a2, _emoj_anger_ 
\\U0001f4a3, _emoj_bomb_ 
\\U0001f4a4, _emoj_zzz_ 
\\U0001f4a5, _emoj_boom_ 
\\U0001f4a6, _emoj_sweat_drops_ 
\\U0001f4a7, _emoj_droplet_ 
\\U0001f4a8, _emoj_dash_ 
\\U0001f4a9, _emoj_shit_ 
\\U0001f4aa, _emoj_muscle_ 
\\U0001f4ab, _emoj_dizzy_ 
\\U0001f4ac, _emoj_speech_balloon_ 
\\U0001f4ad, _emoj_thought_balloon_ 
\\U0001f4ae, _emoj_white_flower_ 
\\U0001f4af, _emoj_100_ 
\\U0001f4b0, _emoj_moneybag_ 
\\U0001f4b1, _emoj_currency_exchange_ 
\\U0001f4b2, _emoj_heavy_dollar_sign_ 
\\U0001f4b3, _emoj_credit_card_ 
\\U0001f4b4, _emoj_yen_ 
\\U0001f4b5, _emoj_dollar_ 
\\U0001f4b6, _emoj_euro_ 
\\U0001f4b7, _emoj_pound_ 
\\U0001f4b8, _emoj_money_with_wings_ 
\\U0001f4b9, _emoj_chart_ 
\\U0001f4ba, _emoj_seat_ 
\\U0001f4bb, _emoj_computer_ 
\\U0001f4bc, _emoj_briefcase_ 
\\U0001f4bd, _emoj_minidisc_ 
\\U0001f4be, _emoj_floppy_disk_ 
\\U0001f4bf, _emoj_cd_ 
\\U0001f4c0, _emoj_dvd_ 
\\U0001f4c1, _emoj_file_folder_ 
\\U0001f4c2, _emoj_open_file_folder_ 
\\U0001f4c3, _emoj_page_with_curl_ 
\\U0001f4c4, _emoj_page_facing_up_ 
\\U0001f4c5, _emoj_date_ 
\\U0001f4c6, _emoj_calendar_ 
\\U0001f4c7, _emoj_card_index_ 
\\U0001f4c8, _emoj_chart_with_upwards_trend_ 
\\U0001f4c9, _emoj_chart_with_downwards_trend_ 
\\U0001f4ca, _emoj_bar_chart_ 
\\U0001f4cb, _emoj_clipboard_ 
\\U0001f4cc, _emoj_pushpin_ 
\\U0001f4cd, _emoj_round_pushpin_ 
\\U0001f4ce, _emoj_paperclip_ 
\\U0001f4cf, _emoj_straight_ruler_ 
\\U0001f4d0, _emoj_triangular_ruler_ 
\\U0001f4d1, _emoj_bookmark_tabs_ 
\\U0001f4d2, _emoj_ledger_ 
\\U0001f4d3, _emoj_notebook_ 
\\U0001f4d4, _emoj_notebook_with_decorative_cover_ 
\\U0001f4d5, _emoj_closed_book_ 
\\U0001f4d6, _emoj_open_book_ 
\\U0001f4d7, _emoj_green_book_ 
\\U0001f4d8, _emoj_blue_book_ 
\\U0001f4d9, _emoj_orange_book_ 
\\U0001f4da, _emoj_books_ 
\\U0001f4db, _emoj_name_badge_ 
\\U0001f4dc, _emoj_scroll_ 
\\U0001f4dd, _emoj_memo_ 
\\U0001f4de, _emoj_telephone_receiver_ 
\\U0001f4df, _emoj_pager_ 
\\U0001f4e0, _emoj_fax_ 
\\U0001f4e1, _emoj_satellite_ 
\\U0001f4e2, _emoj_loudspeaker_ 
\\U0001f4e3, _emoj_mega_ 
\\U0001f4e4, _emoj_outbox_tray_ 
\\U0001f4e5, _emoj_inbox_tray_ 
\\U0001f4e6, _emoj_package_ 
\\U0001f4e7, _emoj_e-mail_ 
\\U0001f4e8, _emoj_incoming_envelope_ 
\\U0001f4e9, _emoj_envelope_with_arrow_ 
\\U0001f4ea, _emoj_mailbox_closed_ 
\\U0001f4eb, _emoj_mailbox_ 
\\U0001f4ec, _emoj_mailbox_with_mail_ 
\\U0001f4ed, _emoj_mailbox_with_no_mail_ 
\\U0001f4ee, _emoj_postbox_ 
\\U0001f4ef, _emoj_postal_horn_ 
\\U0001f4f0, _emoj_newspaper_ 
\\U0001f4f1, _emoj_iphone_ 
\\U0001f4f2, _emoj_calling_ 
\\U0001f4f3, _emoj_vibration_mode_ 
\\U0001f4f4, _emoj_mobile_phone_off_ 
\\U0001f4f5, _emoj_no_mobile_phones_ 
\\U0001f4f6, _emoj_signal_strength_ 
\\U0001f4f7, _emoj_camera_ 
\\U0001f4f9, _emoj_video_camera_ 
\\U0001f4fa, _emoj_tv_ 
\\U0001f4fb, _emoj_radio_ 
\\U0001f4fc, _emoj_vhs_ 
\\U0001f500, _emoj_twisted_rightwards_arrows_ 
\\U0001f501, _emoj_repeat_ 
\\U0001f502, _emoj_repeat_one_ 
\\U0001f503, _emoj_arrows_clockwise_ 
\\U0001f504, _emoj_arrows_counterclockwise_ 
\\U0001f505, _emoj_low_brightness_ 
\\U0001f506, _emoj_high_brightness_ 
\\U0001f507, _emoj_mute_ 
\\U0001f508, _emoj_speaker_ 
\\U0001f509, _emoj_sound_ 
\\U0001f50a, _emoj_loud_sound_ 
\\U0001f50b, _emoj_battery_ 
\\U0001f50c, _emoj_electric_plug_ 
\\U0001f50d, _emoj_mag_ 
\\U0001f50e, _emoj_mag_right_ 
\\U0001f50f, _emoj_lock_with_ink_pen_ 
\\U0001f510, _emoj_closed_lock_with_key_ 
\\U0001f511, _emoj_key_ 
\\U0001f512, _emoj_lock_ 
\\U0001f513, _emoj_unlock_ 
\\U0001f514, _emoj_bell_ 
\\U0001f515, _emoj_no_bell_ 
\\U0001f516, _emoj_bookmark_ 
\\U0001f517, _emoj_link_ 
\\U0001f518, _emoj_radio_button_ 
\\U0001f519, _emoj_back_ 
\\U0001f51a, _emoj_end_ 
\\U0001f51b, _emoj_on_ 
\\U0001f51c, _emoj_soon_ 
\\U0001f51d, _emoj_top_ 
\\U0001f51e, _emoj_underage_ 
\\U0001f51f, _emoj_keycap_ten_ 
\\U0001f520, _emoj_capital_abcd_ 
\\U0001f521, _emoj_abcd_ 
\\U0001f522, _emoj_1234_ 
\\U0001f523, _emoj_symbols_ 
\\U0001f524, _emoj_abc_ 
\\U0001f525, _emoj_fire_ 
\\U0001f526, _emoj_flashlight_ 
\\U0001f527, _emoj_wrench_ 
\\U0001f528, _emoj_hammer_ 
\\U0001f529, _emoj_nut_and_bolt_ 
\\U0001f52a, _emoj_hocho_ 
\\U0001f52b, _emoj_gun_ 
\\U0001f52c, _emoj_microscope_ 
\\U0001f52d, _emoj_telescope_ 
\\U0001f52e, _emoj_crystal_ball_ 
\\U0001f52f, _emoj_six_pointed_star_ 
\\U0001f530, _emoj_beginner_ 
\\U0001f531, _emoj_trident_ 
\\U0001f532, _emoj_black_square_button_ 
\\U0001f533, _emoj_white_square_button_ 
\\U0001f534, _emoj_red_circle_ 
\\U0001f535, _emoj_large_blue_circle_ 
\\U0001f536, _emoj_large_orange_diamond_ 
\\U0001f537, _emoj_large_blue_diamond_ 
\\U0001f538, _emoj_small_orange_diamond_ 
\\U0001f539, _emoj_small_blue_diamond_ 
\\U0001f53a, _emoj_small_red_triangle_ 
\\U0001f53b, _emoj_small_red_triangle_down_ 
\\U0001f53c, _emoj_arrow_up_small_ 
\\U0001f53d, _emoj_arrow_down_small_ 
\\U0001f550, _emoj_clock1_ 
\\U0001f551, _emoj_clock2_ 
\\U0001f552, _emoj_clock3_ 
\\U0001f553, _emoj_clock4_ 
\\U0001f554, _emoj_clock5_ 
\\U0001f555, _emoj_clock6_ 
\\U0001f556, _emoj_clock7_ 
\\U0001f557, _emoj_clock8_ 
\\U0001f558, _emoj_clock9_ 
\\U0001f559, _emoj_clock10_ 
\\U0001f55a, _emoj_clock11_ 
\\U0001f55b, _emoj_clock12_ 
\\U0001f55c, _emoj_clock130_ 
\\U0001f55d, _emoj_clock230_ 
\\U0001f55e, _emoj_clock330_ 
\\U0001f55f, _emoj_clock430_ 
\\U0001f560, _emoj_clock530_ 
\\U0001f561, _emoj_clock630_ 
\\U0001f562, _emoj_clock730_ 
\\U0001f563, _emoj_clock830_ 
\\U0001f564, _emoj_clock930_ 
\\U0001f565, _emoj_clock1030_ 
\\U0001f566, _emoj_clock1130_ 
\\U0001f567, _emoj_clock1230_ 
\\U0001f5fb, _emoj_mount_fuji_ 
\\U0001f5fc, _emoj_tokyo_tower_ 
\\U0001f5fd, _emoj_statue_of_liberty_ 
\\U0001f5fe, _emoj_japan_ 
\\U0001f5ff, _emoj_moyai_ 
\\U0001f600, _emoj_grinning_ 
\\U0001f601, _emoj_grin_ 
\\U0001f602, _emoj_joy_ 
\\U0001f603, _emoj_smiley_ 
\\U0001f604, _emoj_smile_ 
\\U0001f605, _emoj_sweat_smile_ 
\\U0001f606, _emoj_satisfied_ 
\\U0001f607, _emoj_innocent_ 
\\U0001f608, _emoj_smiling_imp_ 
\\U0001f609, _emoj_wink_ 
\\U0001f60a, _emoj_blush_ 
\\U0001f60b, _emoj_yum_ 
\\U0001f60c, _emoj_relieved_ 
\\U0001f60d, _emoj_heart_eyes_ 
\\U0001f60e, _emoj_sunglasses_ 
\\U0001f60f, _emoj_smirk_ 
\\U0001f610, _emoj_neutral_face_ 
\\U0001f611, _emoj_expressionless_ 
\\U0001f612, _emoj_unamused_ 
\\U0001f613, _emoj_sweat_ 
\\U0001f614, _emoj_pensive_ 
\\U0001f615, _emoj_confused_ 
\\U0001f616, _emoj_confounded_ 
\\U0001f617, _emoj_kissing_ 
\\U0001f618, _emoj_blowing_kiss_ 
\\U0001f619, _emoj_kissing_smiling_eyes_ 
\\U0001f61a, _emoj_kissing_closed_eyes_ 
\\U0001f61b, _emoj_stuck_out_tongue_ 
\\U0001f61c, _emoj_stuck_out_tongue_winking_eye_ 
\\U0001f61d, _emoj_stuck_out_tongue_closed_eyes_ 
\\U0001f61e, _emoj_disappointed_ 
\\U0001f61f, _emoj_worried_ 
\\U0001f620, _emoj_angry_ 
\\U0001f621, _emoj_rage_ 
\\U0001f622, _emoj_cry_ 
\\U0001f623, _emoj_persevere_ 
\\U0001f624, _emoj_triumph_ 
\\U0001f625, _emoj_disappointed_relieved_ 
\\U0001f626, _emoj_frowning_ 
\\U0001f627, _emoj_anguished_ 
\\U0001f628, _emoj_fearful_ 
\\U0001f629, _emoj_weary_ 
\\U0001f62a, _emoj_sleepy_ 
\\U0001f62b, _emoj_tired_face_ 
\\U0001f62c, _emoj_grimacing_ 
\\U0001f62d, _emoj_sob_ 
\\U0001f62e, _emoj_open_mouth_ 
\\U0001f62f, _emoj_hushed_ 
\\U0001f630, _emoj_cold_sweat_ 
\\U0001f631, _emoj_scream_ 
\\U0001f632, _emoj_astonished_ 
\\U0001f633, _emoj_flushed_ 
\\U0001f634, _emoj_sleeping_ 
\\U0001f635, _emoj_dizzy_face_ 
\\U0001f636, _emoj_no_mouth_ 
\\U0001f637, _emoj_mask_ 
\\U0001f638, _emoj_smile_cat_ 
\\U0001f639, _emoj_joy_cat_ 
\\U0001f63a, _emoj_smiley_cat_ 
\\U0001f63b, _emoj_heart_eyes_cat_ 
\\U0001f63c, _emoj_smirk_cat_ 
\\U0001f63d, _emoj_kissing_cat_ 
\\U0001f63e, _emoj_pouting_cat_ 
\\U0001f63f, _emoj_crying_cat_face_ 
\\U0001f640, _emoj_scream_cat_ 
\\U0001f645, _emoj_no_good_ 
\\U0001f646, _emoj_ok_woman_ 
\\U0001f647, _emoj_bow_ 
\\U0001f648, _emoj_see_no_evil_ 
\\U0001f649, _emoj_hear_no_evil_ 
\\U0001f64a, _emoj_speak_no_evil_ 
\\U0001f64b, _emoj_raising_hand_ 
\\U0001f64c, _emoj_raised_hands_ 
\\U0001f64d, _emoj_person_frowning_ 
\\U0001f64e, _emoj_person_with_pouting_face_ 
\\U0001f64f, _emoj_pray_ 
\\U0001f680, _emoj_rocket_ 
\\U0001f681, _emoj_helicopter_ 
\\U0001f682, _emoj_steam_locomotive_ 
\\U0001f683, _emoj_railway_car_ 
\\U0001f684, _emoj_bullettrain_side_ 
\\U0001f685, _emoj_bullettrain_front_ 
\\U0001f686, _emoj_train2_ 
\\U0001f687, _emoj_metro_ 
\\U0001f688, _emoj_light_rail_ 
\\U0001f689, _emoj_station_ 
\\U0001f68a, _emoj_tram_ 
\\U0001f68b, _emoj_train_ 
\\U0001f68c, _emoj_bus_ 
\\U0001f68d, _emoj_oncoming_bus_ 
\\U0001f68e, _emoj_trolleybus_ 
\\U0001f68f, _emoj_busstop_ 
\\U0001f690, _emoj_minibus_ 
\\U0001f691, _emoj_ambulance_ 
\\U0001f692, _emoj_fire_engine_ 
\\U0001f693, _emoj_police_car_ 
\\U0001f694, _emoj_oncoming_police_car_ 
\\U0001f695, _emoj_taxi_ 
\\U0001f696, _emoj_oncoming_taxi_ 
\\U0001f697, _emoj_red_car_ 
\\U0001f698, _emoj_oncoming_automobile_ 
\\U0001f699, _emoj_blue_car_ 
\\U0001f69a, _emoj_truck_ 
\\U0001f69b, _emoj_articulated_lorry_ 
\\U0001f69c, _emoj_tractor_ 
\\U0001f69d, _emoj_monorail_ 
\\U0001f69e, _emoj_mountain_railway_ 
\\U0001f69f, _emoj_suspension_railway_ 
\\U0001f6a0, _emoj_mountain_cableway_ 
\\U0001f6a1, _emoj_aerial_tramway_ 
\\U0001f6a2, _emoj_ship_ 
\\U0001f6a3, _emoj_rowboat_ 
\\U0001f6a4, _emoj_speedboat_ 
\\U0001f6a5, _emoj_traffic_light_ 
\\U0001f6a6, _emoj_vertical_traffic_light_ 
\\U0001f6a7, _emoj_construction_ 
\\U0001f6a8, _emoj_rotating_light_ 
\\U0001f6a9, _emoj_triangular_flag_on_post_ 
\\U0001f6aa, _emoj_door_ 
\\U0001f6ab, _emoj_no_entry_sign_ 
\\U0001f6ac, _emoj_smoking_ 
\\U0001f6ad, _emoj_no_smoking_ 
\\U0001f6ae, _emoj_put_litter_in_its_place_ 
\\U0001f6af, _emoj_do_not_litter_ 
\\U0001f6b0, _emoj_potable_water_ 
\\U0001f6b1, _emoj_non-potable_water_ 
\\U0001f6b2, _emoj_bike_ 
\\U0001f6b3, _emoj_no_bicycles_ 
\\U0001f6b4, _emoj_bicyclist_ 
\\U0001f6b5, _emoj_mountain_bicyclist_ 
\\U0001f6b6, _emoj_walking_ 
\\U0001f6b7, _emoj_no_pedestrians_ 
\\U0001f6b8, _emoj_children_crossing_ 
\\U0001f6b9, _emoj_mens_ 
\\U0001f6ba, _emoj_womens_ 
\\U0001f6bb, _emoj_restroom_ 
\\U0001f6bc, _emoj_baby_symbol_ 
\\U0001f6bd, _emoj_toilet_ 
\\U0001f6be, _emoj_wc_ 
\\U0001f6bf, _emoj_shower_ 
\\U0001f6c0, _emoj_bath_ 
\\U0001f6c1, _emoj_bathtub_ 
\\U0001f6c2, _emoj_passport_control_ 
\\U0001f6c3, _emoj_customs_ 
\\U0001f6c4, _emoj_baggage_claim_ 
\\U0001f6c5, _emoj_left_luggage_ 
\\u0374, _emoj_greek_numeral_sign_ 
\\u0375, _emoj_greek_lower_numeral_sign_ 
\\u037a, _emoj_greek_ypogegrammeni_ 
\\u037b, _emoj_greek_small_reversed_lunate_sigma_symbol_ 
\\u037c, _emoj_greek_small_dotted_lunate_sigma_symbol_ 
\\u037d, _emoj_greek_small_reversed_dotted_lunate_sigma_symbol_ 
\\u037e, _emoj_greek_question_mark_ 
\\u0384, _emoj_greek_acute_accent_ 
\\u0385, _emoj_greek_diaeresis_with_acute_accent_ 
\\u0386, _emoj_greek_capital_a_with_acute_accent_ 
\\u0387, _emoj_greek_ano_teleia_ 
\\u0388, _emoj_greek_capital_epsilon_with_acute_accent_ 
\\u0389, _emoj_greek_capital_eta_with_acute_accent_ 
\\u038a, _emoj_greek_capital_iota_with_acute_accent_ 
\\u038c, _emoj_greek_capital_omicron_with_acute_accent_ 
\\u038e, _emoj_greek_capital_upsilon_with_acute_accent_ 
\\u038f, _emoj_greek_capital_omega_with_acute_accent_ 
\\u0390, _emoj_greek_small_iota_with_diaeresis_and_acute_accent_ 
\\u0391, _emoj_greek_capital_alpha_ 
\\u0392, _emoj_greek_capital_beta_ 
\\u0393, _emoj_greek_capital_gamma_ 
\\u0394, _emoj_greek_capital_delta_ 
\\u0395, _emoj_greek_capital_epsilon_ 
\\u0396, _emoj_greek_capital_zeta_ 
\\u0397, _emoj_greek_capital_eta_ 
\\u0398, _emoj_greek_capital_theta_ 
\\u0399, _emoj_greek_capital_iota_ 
\\u039a, _emoj_greek_capital_kappa_ 
\\u039b, _emoj_greek_capital_lambda_ 
\\u039c, _emoj_greek_capital_mu_ 
\\u039d, _emoj_greek_capital_nu_ 
\\u039e, _emoj_greek_capital_xi_ 
\\u039f, _emoj_greek_capital_omicron_ 
\\u03a0, _emoj_greek_capital_pi_ 
\\u03a1, _emoj_greek_capital_rho_ 
\\u03a3, _emoj_greek_capital_sigma_ 
\\u03a4, _emoj_greek_capital_tau_ 
\\u03a5, _emoj_greek_capital_upsilon_ 
\\u03a6, _emoj_greek_capital_phi_ 
\\u03a7, _emoj_greek_capital_chi_ 
\\u03a8, _emoj_greek_capital_psi_ 
\\u03a9, _emoj_greek_capital_omega_ 
\\u03aa, _emoj_greek_capital_iota_with_diaeresis_ 
\\u03ab, _emoj_greek_capital_upsilon_with_diaeresis_ 
\\u03ac, _emoj_greek_small_alpha_with_acute_accent_ 
\\u03ad, _emoj_greek_small_epsilon_with_acute_accent_ 
\\u03ae, _emoj_greek_small_eta_with_acute_accent_ 
\\u03af, _emoj_greek_small_iota_with_acute_accent_ 
\\u03b0, _emoj_greek_small_upsilon_with_diaeresis_and_acute_accent_ 
\\u03b1, _emoj_greek_small_alpha_ 
\\u03b2, _emoj_greek_small_beta_ 
\\u03b3, _emoj_greek_small_gamma_ 
\\u03b4, _emoj_greek_small_delta_ 
\\u03b5, _emoj_greek_small_epsilon_ 
\\u03b6, _emoj_greek_small_zeta_ 
\\u03b7, _emoj_greek_small_eta_ 
\\u03b8, _emoj_greek_small_theta_ 
\\u03b9, _emoj_greek_small_iota_ 
\\u03ba, _emoj_greek_small_kappa_ 
\\u03bb, _emoj_greek_small_lambda_ 
\\u03bc, _emoj_greek_small_mu_ 
\\u03bd, _emoj_greek_small_nu_ 
\\u03be, _emoj_greek_small_xi_ 
\\u03bf, _emoj_greek_small_omicron_ 
\\u03c0, _emoj_greek_small_pi_ 
\\u03c1, _emoj_greek_small_rho_ 
\\u03c2, _emoj_greek_small_final_sigma_ 
\\u03c3, _emoj_greek_small_sigma_ 
\\u03c4, _emoj_greek_small_tau_ 
\\u03c5, _emoj_greek_small_upsilon_ 
\\u03c6, _emoj_greek_small_phi_ 
\\u03c7, _emoj_greek_small_chi_ 
\\u03c8, _emoj_greek_small_psi_ 
\\u03c9, _emoj_greek_small_omega_ 
\\u03ca, _emoj_greek_small_iota_with_diaeresis_ 
\\u03cb, _emoj_greek_small_upsilon_with_diaeresis_ 
\\u03cc, _emoj_greek_small_omicron_with_acute_accent_ 
\\u03cd, _emoj_greek_small_upsilon_with_acute_accent_ 
\\u03ce, _emoj_greek_small_omega_with_acute_accent_ 
\\u03d0, _emoj_greek_beta_symbol_ 
\\u03d1, _emoj_greek_theta_symbol_ 
\\u03d2, _emoj_greek_upsilon_with_hook_symbol_ 
\\u03d3, _emoj_greek_upsilon_with_acute_and_hook_symbol_ 
\\u03d4, _emoj_greek_upsilon_with_diaeresis_and_hook_symbol_ 
\\u03d5, _emoj_greek_phi_symbol_ 
\\u03d6, _emoj_greek_pi_symbol_ 
\\u03d7, _emoj_greek_kai_symbol_ 
\\u03d8, _emoj_greek_qoppa_ 
\\u03d9, _emoj_greek_small_qoppa_ 
\\u03da, _emoj_greek_stigma_letter_ 
\\u03db, _emoj_greek_small_stigma_ 
\\u03dc, _emoj_greek_digamma_ 
\\u03dd, _emoj_greek_small_digamma_ 
\\u03de, _emoj_greek_koppa_ 
\\u03df, _emoj_greek_small_koppa_ 
\\u03e0, _emoj_greek_sampi_ 
\\u03e1, _emoj_greek_small_sampi_ 
\\u03e2, _emoj_coptic_capital_shei_ 
\\u03e3, _emoj_coptic_small_shei_ 
\\u03e4, _emoj_coptic_capital_fei_ 
\\u03e5, _emoj_coptic_small_fei_ 
\\u03e6, _emoj_coptic_capital_khei_ 
\\u03e7, _emoj_coptic_small_khei_ 
\\u03e8, _emoj_coptic_capital_hori_ 
\\u03e9, _emoj_coptic_small_hori_ 
\\u03ea, _emoj_coptic_capital_gangia_ 
\\u03eb, _emoj_coptic_small_gangia_ 
\\u03ec, _emoj_coptic_capital_shima_ 
\\u03ed, _emoj_coptic_small_shima_ 
\\u03ee, _emoj_coptic_capital_dei_ 
\\u03ef, _emoj_coptic_small_dei_ 
\\u03f0, _emoj_greek_kappa_symbol_ 
\\u03f1, _emoj_greek_rho_symbol_ 
\\u03f2, _emoj_greek_lunate_sigma_symbol_ 
\\u03f3, _emoj_greek_yot_ 
\\u03f4, _emoj_greek_capital_theta_symbol_ 
\\u03f5, _emoj_greek_lunate_epsilon_symbol_ 
\\u03f6, _emoj_greek_reversed_lunate_epsilon_symbol_ 
\\u03f7, _emoj_greek_capital_sho_ 
\\u03f8, _emoj_greek_small_sho_ 
\\u03f9, _emoj_greek_capital_lunate_sigma_symbol_ 
\\u03fa, _emoj_greek_capital_san_ 
\\u03fb, _emoj_greek_small_san_ 
\\u03fc, _emoj_greek_rho_with_stroke_symbol_ 
\\u03fd, _emoj_greek_capital_reversed_lunate_sigma_symbol_ 
\\u03fe, _emoj_greek_capital_dotted_lunate_sigma_symbol_ 
\\u03ff, _emoj_greek_capital_reversed_dotted_lunate_sigma_symbol_ 
\\u2190, _emoj_leftwards_arrow_ 
\\u2191, _emoj_upwards_arrow_ 
\\u2192, _emoj_rightwards_arrow_ 
\\u2193, _emoj_downwards_arrow_ 
\\u2194, _emoj_left_right_arrow_ 
\\u2195, _emoj_up_down_arrow_ 
\\u2196, _emoj_north_west_arrow_ 
\\u2197, _emoj_north_east_arrow_ 
\\u2198, _emoj_south_east_arrow_ 
\\u2199, _emoj_south_west_arrow_ 
\\u219a, _emoj_leftwards_arrow_with_stroke_ 
\\u219b, _emoj_rightwards_arrow_with_stroke_ 
\\u219c, _emoj_leftwards_wave_arrow_ 
\\u219d, _emoj_rightwards_wave_arrow_ 
\\u219e, _emoj_leftwards_two_headed_arrow_ 
\\u219f, _emoj_upwards_two_headed_arrow_ 
\\u21a0, _emoj_rightwards_two_headed_arrow_ 
\\u21a1, _emoj_downwards_two_headed_arrow_ 
\\u21a2, _emoj_leftwards_arrow_with_tail_ 
\\u21a3, _emoj_rightwards_arrow_with_tail_ 
\\u21a4, _emoj_leftwards_arrow_from_bar_ 
\\u21a5, _emoj_upwards_arrow_from_bar_ 
\\u21a6, _emoj_rightwards_arrow_from_bar_ 
\\u21a7, _emoj_downwards_arrow_from_bar_ 
\\u21a8, _emoj_up_down_arrow_with_base_ 
\\u21a9, _emoj_leftwards_arrow_with_hook_ 
\\u21aa, _emoj_rightwards_arrow_with_hook_ 
\\u21ab, _emoj_leftwards_arrow_with_loop_ 
\\u21ac, _emoj_rightwards_arrow_with_loop_ 
\\u21ad, _emoj_left_right_wave_arrow_ 
\\u21ae, _emoj_left_right_arrow_with_stroke_ 
\\u21af, _emoj_downwards_zigzag_arrow_ 
\\u21b0, _emoj_upwards_arrow_with_tip_leftwards_ 
\\u21b1, _emoj_upwards_arrow_with_tip_rightwards_ 
\\u21b2, _emoj_downwards_arrow_with_tip_leftwards_ 
\\u21b3, _emoj_downwards_arrow_with_tip_rightwards_ 
\\u21b4, _emoj_rightwards_arrow_with_corner_downwards_ 
\\u21b5, _emoj_downwards_arrow_with_corner_leftwards_ 
\\u21b6, _emoj_anticlockwise_top_semicircle_arrow_ 
\\u21b7, _emoj_clockwise_top_semicircle_arrow_ 
\\u21b8, _emoj_north_west_arrow_to_long_bar_ 
\\u21b9, _emoj_leftwards_arrow_to_bar_over_rightwards_arrow_to_bar_ 
\\u21ba, _emoj_anticlockwise_open_circle_arrow_ 
\\u21bb, _emoj_clockwise_open_circle_arrow_ 
\\u21bc, _emoj_leftwards_harpoon_with_barb_upwards_ 
\\u21bd, _emoj_leftwards_harpoon_with_barb_downwards_ 
\\u21be, _emoj_upwards_harpoon_with_barb_rightwards_ 
\\u21bf, _emoj_upwards_harpoon_with_barb_leftwards_ 
\\u21c0, _emoj_rightwards_harpoon_with_barb_upwards_ 
\\u21c1, _emoj_rightwards_harpoon_with_barb_downwards_ 
\\u21c2, _emoj_downwards_harpoon_with_barb_rightwards_ 
\\u21c3, _emoj_downwards_harpoon_with_barb_leftwards_ 
\\u21c4, _emoj_rightwards_arrow_over_leftwards_arrow_ 
\\u21c5, _emoj_upwards_arrow_leftwards_of_downwards_arrow_ 
\\u21c6, _emoj_leftwards_arrow_over_rightwards_arrow_ 
\\u21c7, _emoj_leftwards_paired_arrows_ 
\\u21c8, _emoj_upwards_paired_arrows_ 
\\u21c9, _emoj_rightwards_paired_arrows_ 
\\u21ca, _emoj_downwards_paired_arrows_ 
\\u21cb, _emoj_leftwards_harpoon_over_rightwards_harpoon_ 
\\u21cc, _emoj_rightwards_harpoon_over_leftwards_harpoon_ 
\\u21cd, _emoj_leftwards_double_arrow_with_stroke_ 
\\u21ce, _emoj_left_right_double_arrow_with_stroke_ 
\\u21cf, _emoj_rightwards_double_arrow_with_stroke_ 
\\u21d0, _emoj_leftwards_double_arrow_ 
\\u21d1, _emoj_upwards_double_arrow_ 
\\u21d2, _emoj_rightwards_double_arrow_ 
\\u21d3, _emoj_downwards_double_arrow_ 
\\u21d4, _emoj_left_right_double_arrow_ 
\\u21d5, _emoj_up_down_double_arrow_ 
\\u21d6, _emoj_north_west_double_arrow_ 
\\u21d7, _emoj_north_east_double_arrow_ 
\\u21d8, _emoj_south_east_double_arrow_ 
\\u21d9, _emoj_south_west_double_arrow_ 
\\u21da, _emoj_leftwards_triple_arrow_ 
\\u21db, _emoj_rightwards_triple_arrow_ 
\\u21dc, _emoj_leftwards_squiggle_arrow_ 
\\u21dd, _emoj_rightwards_squiggle_arrow_ 
\\u21de, _emoj_upwards_arrow_with_double_stroke_ 
\\u21df, _emoj_downwards_arrow_with_double_stroke_ 
\\u21e0, _emoj_leftwards_dashed_arrow_ 
\\u21e1, _emoj_upwards_dashed_arrow_ 
\\u21e2, _emoj_rightwards_dashed_arrow_ 
\\u21e3, _emoj_downwards_dashed_arrow_ 
\\u21e4, _emoj_leftwards_arrow_to_bar_ 
\\u21e5, _emoj_rightwards_arrow_to_bar_ 
\\u21e6, _emoj_leftwards_thick_arrow_ 
\\u21e7, _emoj_upwards_thick_arrow_ 
\\u21e8, _emoj_rightwards_thick_arrow_ 
\\u21e9, _emoj_downwards_thick_arrow_ 
\\u21ea, _emoj_upwards_thick_arrow_from_bar_ 
\\u21eb, _emoj_upwards_thick_arrow_on_pedestal_ 
\\u21ec, _emoj_upwards_thick_arrow_on_pedestal_with_horizontal_bar_ 
\\u21ed, _emoj_upwards_thick_arrow_on_pedestal_with_vertical_bar_ 
\\u21ee, _emoj_upwards_thick_double_arrow_ 
\\u21ef, _emoj_upwards_thick_double_arrow_on_pedestal_ 
\\u21f0, _emoj_rightwards_thick_arrow_from_wall_ 
\\u21f1, _emoj_north_west_arrow_to_corner_ 
\\u21f2, _emoj_south_east_arrow_to_corner_ 
\\u21f3, _emoj_up_down_thick_arrow_ 
\\u21f4, _emoj_right_arrow_with_small_circle_ 
\\u21f5, _emoj_downwards_arrow_leftwards_of_upwards_arrow_ 
\\u21f6, _emoj_three_rightwards_arrows_ 
\\u21f7, _emoj_leftwards_arrow_with_vertical_stroke_ 
\\u21f8, _emoj_rightwards_arrow_with_vertical_stroke_ 
\\u21f9, _emoj_left_right_arrow_with_vertical_stroke_ 
\\u21fa, _emoj_leftwards_arrow_with_double_vertical_stroke_ 
\\u21fb, _emoj_rightwards_arrow_with_double_vertical_stroke_ 
\\u21fc, _emoj_left_right_arrow_with_double_vertical_stroke_ 
\\u21fd, _emoj_leftwards_open_headed_arrow_ 
\\u21fe, _emoj_rightwards_open_headed_arrow_ 
\\u21ff, _emoj_left_right_open_headed_arrow_ 
\\u25a0, _emoj_black_square_ 
\\u25a1, _emoj_white_square_ 
\\u25a2, _emoj_white_square_with_rounded_corners_ 
\\u25a3, _emoj_white_square_containing_black_small_square_ 
\\u25a4, _emoj_square_with_horizontal_fill_ 
\\u25a5, _emoj_square_with_vertical_fill_ 
\\u25a6, _emoj_square_with_orthogonal_crosshatch_fill_ 
\\u25a7, _emoj_square_with_upper_left_to_lower_right_fill_ 
\\u25a8, _emoj_square_with_upper_right_to_lower_left_fill_ 
\\u25a9, _emoj_square_with_diagonal_crosshatch_fill_ 
\\u25aa, _emoj_black_small_square_ 
\\u25ab, _emoj_white_small_square_ 
\\u25ac, _emoj_black_rectangle_ 
\\u25ad, _emoj_white_rectangle_ 
\\u25ae, _emoj_black_vertical_rectangle_ 
\\u25af, _emoj_white_vertical_rectangle_ 
\\u25b0, _emoj_black_parallelogram_ 
\\u25b1, _emoj_white_parallelogram_ 
\\u25b2, _emoj_black_up_pointing_triangle_ 
\\u25b3, _emoj_white_up_pointing_triangle_ 
\\u25b4, _emoj_black_up_pointing_small_triangle_ 
\\u25b5, _emoj_white_up_pointing_small_triangle_ 
\\u25b6, _emoj_black_right_pointing_triangle_ 
\\u25b7, _emoj_white_right_pointing_triangle_ 
\\u25b8, _emoj_black_right_pointing_small_triangle_ 
\\u25b9, _emoj_white_right_pointing_small_triangle_ 
\\u25ba, _emoj_black_right_pointing_pointer_ 
\\u25bb, _emoj_white_right_pointing_pointer_ 
\\u25bc, _emoj_black_down_pointing_triangle_ 
\\u25bd, _emoj_white_down_pointing_triangle_ 
\\u25be, _emoj_black_down_pointing_small_triangle_ 
\\u25bf, _emoj_white_down_pointing_small_triangle_ 
\\u25c0, _emoj_black_left_pointing_triangle_ 
\\u25c1, _emoj_white_left_pointing_triangle_ 
\\u25c2, _emoj_black_left_pointing_small_triangle_ 
\\u25c3, _emoj_white_left_pointing_small_triangle_ 
\\u25c4, _emoj_black_left_pointing_pointer_ 
\\u25c5, _emoj_white_left_pointing_pointer_ 
\\u25c6, _emoj_black_diamond_ 
\\u25c7, _emoj_white_diamond_ 
\\u25c8, _emoj_white_diamond_containing_black_small_diamond_ 
\\u25c9, _emoj_fisheye_ 
\\u25ca, _emoj_lozenge_ 
\\u25cb, _emoj_white_circle_ 
\\u25cc, _emoj_dotted_circle_ 
\\u25cd, _emoj_circle_with_vertical_fill_ 
\\u25ce, _emoj_bullseye_ 
\\u25cf, _emoj_black_circle_ 
\\u25d0, _emoj_circle_with_left_half_black_ 
\\u25d1, _emoj_circle_with_right_half_black_ 
\\u25d2, _emoj_circle_with_lower_half_black_ 
\\u25d3, _emoj_circle_with_upper_half_black_ 
\\u25d4, _emoj_circle_with_upper_right_quadrant_black_ 
\\u25d5, _emoj_circle_with_all_but_upper_left_quadrant_black_ 
\\u25d6, _emoj_left_half_black_circle_ 
\\u25d7, _emoj_right_half_black_circle_ 
\\u25d8, _emoj_inverse_bullet_ 
\\u25d9, _emoj_inverse_white_circle_ 
\\u25da, _emoj_upper_half_inverse_white_circle_ 
\\u25db, _emoj_lower_half_inverse_white_circle_ 
\\u25dc, _emoj_upper_left_quadrant_circular_arc_ 
\\u25dd, _emoj_upper_right_quadrant_circular_arc_ 
\\u25de, _emoj_lower_right_quadrant_circular_arc_ 
\\u25df, _emoj_lower_left_quadrant_circular_arc_ 
\\u25e0, _emoj_upper_half_circle_ 
\\u25e1, _emoj_lower_half_circle_ 
\\u25e2, _emoj_black_lower_right_triangle_ 
\\u25e3, _emoj_black_lower_left_triangle_ 
\\u25e4, _emoj_black_upper_left_triangle_ 
\\u25e5, _emoj_black_upper_right_triangle_ 
\\u25e6, _emoj_white_bullet_ 
\\u25e7, _emoj_square_with_left_half_black_ 
\\u25e8, _emoj_square_with_right_half_black_ 
\\u25e9, _emoj_square_with_upper_left_diagonal_half_black_ 
\\u25ea, _emoj_square_with_lower_right_diagonal_half_black_ 
\\u25eb, _emoj_white_square_with_vertical_bisecting_line_ 
\\u25ec, _emoj_white_up_pointing_triangle_with_dot_ 
\\u25ed, _emoj_up_pointing_triangle_with_left_half_black_ 
\\u25ee, _emoj_up_pointing_triangle_with_right_half_black_ 
\\u25ef, _emoj_large_circle_ 
\\u25f0, _emoj_white_square_with_upper_left_quadrant_ 
\\u25f1, _emoj_white_square_with_lower_left_quadrant_ 
\\u25f2, _emoj_white_square_with_lower_right_quadrant_ 
\\u25f3, _emoj_white_square_with_upper_right_quadrant_ 
\\u25f4, _emoj_white_circle_with_upper_left_quadrant_ 
\\u25f5, _emoj_white_circle_with_lower_left_quadrant_ 
\\u25f6, _emoj_white_circle_with_lower_right_quadrant_ 
\\u25f7, _emoj_white_circle_with_upper_right_quadrant_ 
\\u25f8, _emoj_upper_left_triangle_ 
\\u25f9, _emoj_upper_right_triangle_ 
\\u25fa, _emoj_lower_left_triangle_ 
\\u25fb, _emoj_white_medium_square_ 
\\u25fc, _emoj_black_medium_square_ 
\\u25fd, _emoj_white_medium_small_square_ 
\\u25fe, _emoj_black_medium_small_square_ 
\\u25ff, _emoj_lower_right_triangle_ 
\\u2600, _emoj_black_sun_with_rays_ 
\\u2601, _emoj_cloud_ 
\\u2602, _emoj_umbrella_ 
\\u2603, _emoj_snowman_ 
\\u2604, _emoj_comet_ 
\\u2605, _emoj_black_star_ 
\\u2606, _emoj_white_star_ 
\\u2607, _emoj_lightning_ 
\\u2608, _emoj_thunderstorm_ 
\\u2609, _emoj_sun_ 
\\u260a, _emoj_ascending_node_ 
\\u260b, _emoj_descending_node_ 
\\u260c, _emoj_conjunction_ 
\\u260d, _emoj_opposition_ 
\\u260e, _emoj_black_telephone_ 
\\u260f, _emoj_white_telephone_ 
\\u2610, _emoj_ballot_box_ 
\\u2611, _emoj_ballot_box_with_check_ 
\\u2612, _emoj_ballot_box_with_x_ 
\\u2613, _emoj_saltire_ 
\\u2614, _emoj_umbrella_with_raindrops_ 
\\u2615, _emoj_hot_beverage_ 
\\u2616, _emoj_white_shogi_piece_ 
\\u2617, _emoj_black_shogi_piece_ 
\\u2619, _emoj_heart_ 
\\u261a, _emoj_black_left_pointing_index_ 
\\u261b, _emoj_black_right_pointing_index_ 
\\u261c, _emoj_white_left_pointing_index_ 
\\u261d, _emoj_white_up_pointing_index_ 
\\u261e, _emoj_white_right_pointing_index_ 
\\u261f, _emoj_white_down_pointing_index_ 
\\u2620, _emoj_skull_&_crossbones_ 
\\u2621, _emoj_caution_sign_ 
\\u2622, _emoj_radioactive_sign_ 
\\u2623, _emoj_biohazard_sign_ 
\\u2624, _emoj_caduceus_ 
\\u2625, _emoj_ankh_ 
\\u2626, _emoj_orthodox_cross_ 
\\u2627, _emoj_chi_rho_ 
\\u2628, _emoj_cross_of_lorraine_ 
\\u2629, _emoj_cross_of_jerusalem_ 
\\u262a, _emoj_star_and_crescent_ 
\\u262b, _emoj_farsi_symbol_ 
\\u262c, _emoj_adi_shakti_ 
\\u262d, _emoj_hammer_and_sickle_ 
\\u262e, _emoj_peace_symbol_ 
\\u262f, _emoj_yin_yang_ 
\\u2630, _emoj_trigram_for_heaven_ 
\\u2631, _emoj_trigram_for_lake_ 
\\u2632, _emoj_trigram_for_fire_ 
\\u2633, _emoj_trigram_for_thunder_ 
\\u2634, _emoj_trigram_for_wind_ 
\\u2634, _emoj_trigram_for_water_ 
\\u2636, _emoj_trigram_for_mountain_ 
\\u2637, _emoj_trigram_for_earth_ 
\\u2638, _emoj_wheel_of_dharma_ 
\\u2639, _emoj_white_frowning_face_ 
\\u263a, _emoj_white_smiling_face_ 
\\u263b, _emoj_black_smiling_face_ 
\\u263c, _emoj_white_sun_with_rays_ 
\\u263d, _emoj_first_quarter_moon_ 
\\u263e, _emoj_last_quarter_moon_ 
\\u263f, _emoj_mercury_ 
\\u2640, _emoj_female_sign_ 
\\u2641, _emoj_earth_ 
\\u2642, _emoj_male_sign_ 
\\u2643, _emoj_jupiter_ 
\\u2644, _emoj_saturn_ 
\\u2645, _emoj_uranus_ 
\\u2646, _emoj_neptune_ 
\\u2647, _emoj_pluto_ 
\\u2648, _emoj_aries_ 
\\u2649, _emoj_taurus_ 
\\u264a, _emoj_gemini_ 
\\u264b, _emoj_cancer_ 
\\u264c, _emoj_leo_ 
\\u264d, _emoj_virgo_ 
\\u264e, _emoj_libra_ 
\\u264f, _emoj_scorpius_ 
\\u2650, _emoj_sagittarius_ 
\\u2651, _emoj_capricorn_ 
\\u2652, _emoj_aquarius_ 
\\u2653, _emoj_pisces_ 
\\u2654, _emoj_white_chess_king_ 
\\u2655, _emoj_white_chess_queen_ 
\\u2656, _emoj_white_chess_rook_ 
\\u2657, _emoj_white_chess_bishop_ 
\\u2658, _emoj_white_chess_knight_ 
\\u2659, _emoj_white_chess_pawn_ 
\\u265a, _emoj_black_chess_king_ 
\\u265b, _emoj_black_chess_queen_ 
\\u265c, _emoj_black_chess_rook_ 
\\u265d, _emoj_black_chess_bishop_ 
\\u265e, _emoj_black_chess_knight_ 
\\u265f, _emoj_black_chess_pawn_ 
\\u2660, _emoj_black_spade_suit_ 
\\u2661, _emoj_heart_ 
\\u2662, _emoj_white_diamond_suit_ 
\\u2663, _emoj_black_club_suit_ 
\\u2664, _emoj_white_spade_suit_ 
\\u2665, _emoj_heart_ 
\\u2666, _emoj_black_diamond_suit_ 
\\u2667, _emoj_white_club_suit_ 
\\u2668, _emoj_hot_springs_ 
\\u2669, _emoj_quarter_note_ 
\\u266a, _emoj_eighth_note_ 
\\u266b, _emoj_beamed_eighth_notes_ 
\\u266c, _emoj_beamed_sixteenth_notes_ 
\\u266d, _emoj_music_flat_sign_ 
\\u266e, _emoj_music_natural_sign_ 
\\u266f, _emoj_music_sharp_sign_ 
\\u2670, _emoj_west_syriac_cross_ 
\\u2671, _emoj_east_syriac_cross_ 
\\u2672, _emoj_universal_recycling_symbol_ 
\\u2673, _emoj_recycling_symbol_for_type-1_plastics_ 
\\u2674, _emoj_recycling_symbol_for_type-2_plastics_ 
\\u2675, _emoj_recycling_symbol_for_type-3_plastics_ 
\\u2676, _emoj_recycling_symbol_for_type-4_plastics_ 
\\u2677, _emoj_recycling_symbol_for_type-5_plastics_ 
\\u2678, _emoj_recycling_symbol_for_type-6_plastics_ 
\\u2679, _emoj_recycling_symbol_for_type-7_plastics_ 
\\u267a, _emoj_recycling_symbol_for_generic_materials_ 
\\u267b, _emoj_black_universal_recycling_symbol_ 
\\u267c, _emoj_recycled_paper_symbol_ 
\\u267d, _emoj_partially-recycled_paper_symbol_ 
\\u2680, _emoj_die_face-1_ 
\\u2681, _emoj_die_face-2_ 
\\u2682, _emoj_die_face-3_ 
\\u2683, _emoj_die_face-4_ 
\\u2684, _emoj_die_face-5_ 
\\u2685, _emoj_die_face-6_ 
\\u2686, _emoj_white_circle_with_dot_right_ 
\\u2687, _emoj_white_circle_with_two_dots_ 
\\u2688, _emoj_black_circle_with_dot_right_ 
\\u2689, _emoj_black_circle_with_two_dots_ 
\\u268a, _emoj_monogram_for_yang_ 
\\u268b, _emoj_monogram_for_yin_ 
\\u268c, _emoj_diagram_for_greater_yang_ 
\\u268d, _emoj_diagram_for_lesser_yin_ 
\\u268e, _emoj_diagram_for_lesser_yang_ 
\\u268f, _emoj_diagram_for_greater_yin_ 
\\u2690, _emoj_white_flag_ 
\\u2691, _emoj_black_flag_ 
\\u2692, _emoj_hammer_and_pick_ 
\\u2693, _emoj_anchor_ 
\\u2694, _emoj_crossed_swords_ 
\\u2695, _emoj_staff_of_aesculapius_ 
\\u2696, _emoj_scales_ 
\\u2697, _emoj_alembic_ 
\\u2698, _emoj_flower_ 
\\u2699, _emoj_gear_ 
\\u269a, _emoj_staff_of_hermes_ 
\\u269b, _emoj_atom_symbol_ 
\\u269c, _emoj_fleur-de-lis_ 
\\u269d, _emoj_outlined_white_star_ 
\\u269e, _emoj_three_lines_converging_right_ 
\\u269f, _emoj_three_lines_converging_left_ 
\\u26a0, _emoj_warning_sign_ 
\\u26a1, _emoj_high_voltage_sign_ 
\\u26a1, _emoj_warning_sign_ 
\\u26a2, _emoj_doubled_female_sign_ 
\\u26a3, _emoj_doubled_male_sign_ 
\\u26a4, _emoj_interlocked_female_and_male_sign_ 
\\u26a5, _emoj_male_and_female_sign_ 
\\u26a6, _emoj_male_with_stroke_sign_ 
\\u26a7, _emoj_male_with_stroke_and_male_and_female_sign_ 
\\u26a8, _emoj_vertical_male_with_stroke_sign_ 
\\u26a9, _emoj_horizontal_male_with_stroke_sign_ 
\\u26aa, _emoj_medium_white_circle_ 
\\u26ab, _emoj_medium_black_circle_ 
\\u26ac, _emoj_medium_small_white_circle_ 
\\u26ad, _emoj_marriage_symbol_ 
\\u26ae, _emoj_divorce_symbol_ 
\\u26af, _emoj_unmarried_partnership_symbol_ 
\\u26b0, _emoj_coffin_ 
\\u26b1, _emoj_funeral_urn_ 
\\u26b2, _emoj_neuter_ 
\\u26b3, _emoj_ceres_ 
\\u26b4, _emoj_pallas_ 
\\u26b5, _emoj_juno_ 
\\u26b6, _emoj_vesta_ 
\\u26b7, _emoj_chiron_ 
\\u26b8, _emoj_black_moon_lilith_ 
\\u26b9, _emoj_sextile_ 
\\u26ba, _emoj_semisextile_ 
\\u26bb, _emoj_quincunx_ 
\\u26bc, _emoj_sesquiquadrate_ 
\\u26bd, _emoj_soccer_ball_ 
\\u26be, _emoj_baseball_ 
\\u26bf, _emoj_squared_key_ 
\\u26c0, _emoj_white_draughts_man_ 
\\u26c1, _emoj_white_draughts_king_ 
\\u26c2, _emoj_black_draughts_man_ 
\\u26c3, _emoj_black_draughts_king_ 
\\u26c4, _emoj_snowman_without_snow_ 
\\u26c5, _emoj_sun_behind_cloud_ 
\\u26c6, _emoj_rain_ 
\\u26c7, _emoj_black_snowman_ 
\\u26c8, _emoj_thunder_cloud_and_rain_ 
\\u26c9, _emoj_turned_white_shogi_piece_ 
\\u26ca, _emoj_turned_black_shogi_piece_ 
\\u26cb, _emoj_white_diamond_in_square_ 
\\u26cc, _emoj_crossing_lanes_ 
\\u26cd, _emoj_disabled_car_ 
\\u26ce, _emoj_ophiuchus_ 
\\u26cf, _emoj_pick_ 
\\u26d0, _emoj_car_sliding_ 
\\u26d1, _emoj_helmet_with_white_cross_ 
\\u26d2, _emoj_circled_crossing_lanes_ 
\\u26d3, _emoj_chains_ 
\\u26d4, _emoj_no_entry_ 
\\u26d5, _emoj_alternate_one-way_left_way_traffic_ 
\\u26d6, _emoj_black_two-way_left_way_traffic_ 
\\u26d7, _emoj_white_two-way_left_way_traffic_ 
\\u26d8, _emoj_black_left_lane_merge_ 
\\u26d9, _emoj_white_left_lane_merge_ 
\\u26da, _emoj_drive_slow_sign_ 
\\u26db, _emoj_heavy_white_down-pointing_triangle_ 
\\u26dc, _emoj_left_closed_entry_ 
\\u26dd, _emoj_squared_saltire_ 
\\u26de, _emoj_falling_diagonal_in_white_circle_in_black_square_ 
\\u26df, _emoj_black_truck_ 
\\u26e0, _emoj_restricted_left_entry-1_ 
\\u26e1, _emoj_restricted_left_entry-2_ 
\\u26e2, _emoj_astronomical_symbol_for_uranus_ 
\\u26e3, _emoj_heavy_circle_with_stroke_and_two_dots_above_ 
\\u26e4, _emoj_pentagram_ 
\\u26e5, _emoj_right-handed_interlaced_pentagram_ 
\\u26e6, _emoj_left-handed_interlaced_pentagram_ 
\\u26e7, _emoj_inverted_pentagram_ 
\\u26e8, _emoj_black_cross_on_shield_ 
\\u26e9, _emoj_shinto_shrine_ 
\\u26ea, _emoj_church_ 
\\u26eb, _emoj_castle_ 
\\u26ec, _emoj_historic_site_ 
\\u26ed, _emoj_gear_without_hub_ 
\\u26ee, _emoj_gear_with_handles_ 
\\u26ef, _emoj_map_symbol_for_lighthouse_ 
\\u26f0, _emoj_mountain_ 
\\u26f1, _emoj_umbrella_on_ground_ 
\\u26f2, _emoj_fountain_ 
\\u26f3, _emoj_flag_in_hole_ 
\\u26f4, _emoj_ferry_ 
\\u26f5, _emoj_sailboat_ 
\\u26f6, _emoj_square_four_corners_ 
\\u26f7, _emoj_skier_ 
\\u26f8, _emoj_ice_skate_ 
\\u26f9, _emoj_person_with_ball_ 
\\u26fa, _emoj_tent_ 
\\u26fb, _emoj_japanese_bank_symbol_ 
\\u26fc, _emoj_headstone_graveyard_symbol_ 
\\u26fd, _emoj_fuel_pump_ 
\\u26fe, _emoj_cup_on_black_square_ 
\\u26ff, _emoj_white_flag_with_horizontal_middle_black_stripe_ 
\\u2701, _emoj_upper_blade_scissors_ 
\\u2702, _emoj_black_scissors_ 
\\u2703, _emoj_lower_blade_scissors_ 
\\u2704, _emoj_white_scissors_ 
\\u2705, _emoj_white_heavy_check_mark_ 
\\u2706, _emoj_telephone_location_sign_ 
\\u2707, _emoj_tape_drive_ 
\\u2708, _emoj_airplane_ 
\\u2709, _emoj_envelope_ 
\\u270a, _emoj_raised_fist_ 
\\u270b, _emoj_raised_hand_ 
\\u270c, _emoj_victory_hand_ 
\\u270d, _emoj_writing_hand_ 
\\u270e, _emoj_lower_right_pencil_ 
\\u270f, _emoj_pencil_ 
\\u2710, _emoj_upper_right_pencil_ 
\\u2711, _emoj_white_nib_ 
\\u2712, _emoj_black_nib_ 
\\u2713, _emoj_check_mark_ 
\\u2714, _emoj_heavy_check_mark_ 
\\u2715, _emoj_multiplication_x_ 
\\u2716, _emoj_heavy_multiplication_x_ 
\\u2717, _emoj_ballot_x_ 
\\u2718, _emoj_heavy_ballot_x_ 
\\u2719, _emoj_outlined_greek_cross_ 
\\u271a, _emoj_heavy_greek_cross_ 
\\u271b, _emoj_open_center_cross_ 
\\u271c, _emoj_heavy_open_center_cross_ 
\\u271d, _emoj_latin_cross_ 
\\u271e, _emoj_shadowed_white_latin_cross_ 
\\u271f, _emoj_outlined_latin_cross_ 
\\u2720, _emoj_maltese_cross_ 
\\u2721, _emoj_star_of_david_ 
\\u2722, _emoj_four_teardrop-spoked_asterisk_ 
\\u2723, _emoj_four_balloon-spoked_asterisk_ 
\\u2724, _emoj_heavy_four_balloon-spoked_asterisk_ 
\\u2725, _emoj_four_club-spoked_asterisk_ 
\\u2726, _emoj_black_four-pointed_star_ 
\\u2727, _emoj_white_four-pointed_star_ 
\\u2728, _emoj_sparkles_ 
\\u2729, _emoj_stress_outlined_white_star_ 
\\u272a, _emoj_circled_white_star_ 
\\u272b, _emoj_open_center_black_star_ 
\\u272c, _emoj_black_center_white_star_ 
\\u272d, _emoj_outlined_black_star_ 
\\u272e, _emoj_heavy_outlined_black_star_ 
\\u272f, _emoj_pinwheel_star_ 
\\u2730, _emoj_shadowed_white_star_ 
\\u2731, _emoj_heavy_asterisk_ 
\\u2732, _emoj_open_center_asterisk_ 
\\u2733, _emoj_eight_spoked_asterisk_ 
\\u2734, _emoj_eight_pointed_black_star_ 
\\u2735, _emoj_eight_pointed_pinwheel_star_ 
\\u2736, _emoj_six_pointed_black_star_ 
\\u2737, _emoj_eight_pointed_rectilinear_black_star_ 
\\u2738, _emoj_heavy_eight_pointed_rectilinear_black_star_ 
\\u2739, _emoj_twelve_pointed_black_star_ 
\\u273a, _emoj_sixteen_pointed_asterisk_ 
\\u273b, _emoj_teardrop_spoked_asterisk_ 
\\u273c, _emoj_open_center_teardrop_spoked_asterisk_ 
\\u273d, _emoj_heavy_teardrop_spoked_asterisk_ 
\\u273e, _emoj_six_petalled_black_and_white_florette_ 
\\u273f, _emoj_black_florette_ 
\\u2740, _emoj_white_florette_ 
\\u2741, _emoj_eight_petalled_outlined_black_florette_ 
\\u2742, _emoj_circled_open_center_eight_pointed_star_ 
\\u2743, _emoj_heavy_teardrop_spoked_pinwheel_asterisk_ 
\\u2744, _emoj_snowflake_ 
\\u2745, _emoj_tight_trifoliate_snowflake_ 
\\u2746, _emoj_heavy_chevron_snowflake_ 
\\u2747, _emoj_sparkle_ 
\\u2748, _emoj_heavy_sparkle_ 
\\u2749, _emoj_balloon_spoked_asterisk_ 
\\u274a, _emoj_eight_teardrop_spoked_propeller_asterisk_ 
\\u274b, _emoj_heavy_eight_teardrop_spoked_propeller_asterisk_ 
\\u274c, _emoj_cross_mark_ 
\\u274d, _emoj_shadowed_white_circle_ 
\\u274e, _emoj_negative_squared_cross_mark_ 
\\u274f, _emoj_lower_right_drop-shadowed_white_square_ 
\\u2750, _emoj_upper_right_drop-shadowed_white_square_ 
\\u2751, _emoj_lower_right_shadowed_white_square_ 
\\u2752, _emoj_upper_right_shadowed_white_square_ 
\\u2753, _emoj_black_question_mark_ornament_ 
\\u2754, _emoj_white_question_mark_ornament_ 
\\u2755, _emoj_white_exclamation_mark_ornament_ 
\\u2756, _emoj_black_diamond_minus_white_x_ 
\\u2757, _emoj_heavy_exclamation_mark_symbol_ 
\\u2758, _emoj_light_vertical_bar_ 
\\u2759, _emoj_medium_vertical_bar_ 
\\u275a, _emoj_heavy_vertical_bar_ 
\\u275b, _emoj_heavy_single_turned_comma_quotation_mark_ornament_ 
\\u275c, _emoj_heavy_single_comma_quotation_mark_ornament_ 
\\u275d, _emoj_heavy_double_turned_comma_quotation_mark_ornament_ 
\\u275e, _emoj_heavy_double_comma_quotation_mark_ornament_ 
\\u275f, _emoj_heavy_low_single_comma_quotation_mark_ornament_ 
\\u2760, _emoj_heavy_low_double_comma_quotation_mark_ornament_ 
\\u2761, _emoj_curved_stem_paragraph_sign_ornament_ 
\\u2762, _emoj_heavy_exclamation_mark_ornament_ 
\\u2763, _emoj_heavy_heart_exclamation_mark_ornament_ 
\\u2764, _emoj_heart_ 
\\u2765, _emoj_heart_ 
\\u2766, _emoj_heart_ 
\\u2767, _emoj_heart_ 
\\u2768, _emoj_medium_left_parenthesis_ornament_ 
\\u2769, _emoj_medium_right_parenthesis_ornament_ 
\\u276a, _emoj_medium_flattened_left_parenthesis_ornament_ 
\\u276b, _emoj_medium_flattened_right_parenthesis_ornament_ 
\\u276c, _emoj_medium_left-pointing_angle_bracket_ornament_ 
\\u276d, _emoj_medium_right-pointing_angle_bracket_ornament_ 
\\u276e, _emoj_heavy_left-pointing_angle_quotation_mark_ornament_ 
\\u276f, _emoj_heavy_right-pointing_angle_quotation_mark_ornament_ 
\\u2770, _emoj_heavy_left-pointing_angle_bracket_ornament_ 
\\u2771, _emoj_heavy_right-pointing_angle_bracket_ornament_ 
\\u2772, _emoj_light_left_tortoise_shell_bracket_ornament_ 
\\u2773, _emoj_light_right_tortoise_shell_bracket_ornament_ 
\\u2774, _emoj_medium_left_curly_bracket_ornament_ 
\\u2775, _emoj_medium_left_curly_bracket_ornament_ 
\\u2776, _emoj_dingbat_negative_circled_digit_one_ 
\\u2777, _emoj_dingbat_negative_circled_digit_two_ 
\\u2778, _emoj_dingbat_negative_circled_digit_three_ 
\\u2779, _emoj_dingbat_negative_circled_digit_four_ 
\\u277a, _emoj_dingbat_negative_circled_digit_five_ 
\\u277b, _emoj_dingbat_negative_circled_digit_six_ 
\\u277c, _emoj_dingbat_negative_circled_digit_seven_ 
\\u277d, _emoj_dingbat_negative_circled_digit_eight_ 
\\u277e, _emoj_dingbat_negative_circled_digit_nine_ 
\\u277f, _emoj_dingbat_negative_circled_digit_ten_ 
\\u2780, _emoj_dingbat_circled_sans-serif_digit_one_ 
\\u2781, _emoj_dingbat_circled_sans-serif_digit_two_ 
\\u2782, _emoj_dingbat_circled_sans-serif_digit_three_ 
\\u2783, _emoj_dingbat_circled_sans-serif_digit_four_ 
\\u2784, _emoj_dingbat_circled_sans-serif_digit_five_ 
\\u2785, _emoj_dingbat_circled_sans-serif_digit_six_ 
\\u2786, _emoj_dingbat_circled_sans-serif_digit_seven_ 
\\u2787, _emoj_dingbat_circled_sans-serif_digit_eight_ 
\\u2788, _emoj_dingbat_circled_sans-serif_digit_nine_ 
\\u2789, _emoj_dingbat_circled_sans-serif_digit_ten_ 
\\u278a, _emoj_dingbat_negative_circled_sans-serif_digit_one_ 
\\u278b, _emoj_dingbat_negative_circled_sans-serif_digit_two_ 
\\u278c, _emoj_dingbat_negative_circled_sans-serif_digit_three_ 
\\u278d, _emoj_dingbat_negative_circled_sans-serif_digit_four_ 
\\u278e, _emoj_dingbat_negative_circled_sans-serif_digit_five_ 
\\u278f, _emoj_dingbat_negative_circled_sans-serif_digit_six_ 
\\u2790, _emoj_dingbat_negative_circled_sans-serif_digit_seven_ 
\\u2791, _emoj_dingbat_negative_circled_sans-serif_digit_eight_ 
\\u2792, _emoj_dingbat_negative_circled_sans-serif_digit_nine_ 
\\u2793, _emoj_dingbat_negative_circled_sans-serif_digit_ten_ 
\\u2794, _emoj_heavy_wide-headed_rightward_arrow_ 
\\u2798, _emoj_heavy_south_east_arrow_ 
\\u2799, _emoj_heavy_rightward_arrow_ 
\\u279a, _emoj_heavy_north_east_arrow_ 
\\u279b, _emoj_drafting_point_rightward_arrow_ 
\\u279c, _emoj_heavy_round-tipped_rightward_arrow_ 
\\u279d, _emoj_triangle-headed_rightward_arrow_ 
\\u279e, _emoj_heavy_triangle-headed_rightward_arrow_ 
\\u279f, _emoj_dashed_triangle-headed_rightward_arrow_ 
\\u27a0, _emoj_heavy_dashed_triangle-headed_rightward_arrow_ 
\\u27a1, _emoj_black_rightward_arrow_ 
\\u27a2, _emoj_three-d_top-lighted_rightward_arrowhead_ 
\\u27a3, _emoj_three-d_bottom-lighted_rightward_arrowhead_ 
\\u27a4, _emoj_black_rightward_arrowhead_ 
\\u27a5, _emoj_heavy_black_curved_downward_and_rightward_arrow_ 
\\u27a6, _emoj_heavy_black_curved_upward_and_rightward_arrow_ 
\\u27a7, _emoj_squat_black_rightward_arrow_ 
\\u27a8, _emoj_heavy_concave-pointed_black_rightward_arrow_ 
\\u27a9, _emoj_right-shaded_white_rightward_arrow_ 
\\u27aa, _emoj_left-shaded_white_rightward_arrow_ 
\\u27ab, _emoj_back-tilted_shadowed_white_rightward_arrow_ 
\\u27ac, _emoj_front-tilted_shadowed_white_rightward_arrow_ 
\\u27ad, _emoj_heavy_lower_right-shadowed_white_rightward_arrow_ 
\\u27ae, _emoj_heavy_upper_right-shadowed_white_rightward_arrow_ 
\\u27af, _emoj_notched_lower_right-shadowed_white_rightward_arrow_ 
\\u27b0, _emoj_curly_loop_ 
\\u27b1, _emoj_notched_upper_right-shadowed_white_rightward_arrow_ 
\\u27b2, _emoj_circled_heavy_white_rightward_arrow_ 
\\u27b3, _emoj_white-feathered_rightward_arrow_ 
\\u27b4, _emoj_black-feathered_south_east_arrow_ 
\\u27b5, _emoj_black-feathered_rightward_arrow_ 
\\u27b6, _emoj_black-feathered_north_east_arrow_ 
\\u27b7, _emoj_heavy_black-feathered_south_east_arrow_ 
\\u27b8, _emoj_heavy_black-feathered_rightward_arrow_ 
\\u27b9, _emoj_heavy_black-feathered_north_east_arrow_ 
\\u27ba, _emoj_teardrop-barbed_rightward_arrow_ 
\\u27bb, _emoj_heavy_teardrop-shanked_rightward_arrow_ 
\\u27bc, _emoj_wedge-tailed_rightward_arrow_ 
\\u27bd, _emoj_heavy_wedge-tailed_rightward_arrow_ 
\\u27be, _emoj_open-outlined_rightward_arrow_ 
\\u27bf, _emoj_double_curly_loop_ 
\\U0001d405, _emoj_math_bold_capital_f_
\\U0001d408, _emoj_math_bold_capital_i_
\\U0001d40c, _emoj_math_bold_capital_m_
\\U0001d42d, _emoj_math_both_small_t_
\\U0001f161, _emoj_neg_circled_latin_capital_r_
\\U0001f166, _emoj_neg_cirlced_latin_capital_w_
\\U0001f1e6, _emoj_regional_indicator_a_
\\U0001f1f2, _emoj_regional_indicator_m_
\\U0001f1f4, _emoj_regional_indicator_o_
\\U0001f324, _emoj_sun_with_small_cloud_
\\U0001f327, _emoj_cloud_with_rain_
\\U0001f329, _emoj_cloud_with_lightning_
\\U0001f32a, _emoj_cloud_with_tornado_
\\U0001f32a, _emoj_cloud_with_tornado_
\\U0001f32b, _emoj_fog_
\\U0001f32c, _emoj_wind_blowing_face_
\\U0001f32e, _emoj_taco_
\\U0001f336, _emoj_hot_pepper_
\\U0001f37e, _emoj_bottle_with_popping_cork_
\\U0001f37f, _emoj_popcorn_
\\U0001f39b, _emoj_control_knobs_
\\U0001f39f, _emoj_admission_tickets_
\\U0001f3cd, _emoj_racing_motercycle_
\\U0001f3ce, _emoj_racing_car_
\\U0001f3d0, _emoj_volleyball_
\\U0001f3d9, _emoj_cityscape_
\\U0001f3fb, _emoj_fitzpatrick_type_1_2_
\\U0001f3fc, _emoj_fitzpatrick_type_3
\\U0001f3fd, _emoj_fitzpatrick_type_4_
\\U0001f3fe, _emoj_fitzpatrick_type_5_
\\U0001f3ff, _emoj_fitzpatrick_type_6_
\\U0001f441, _emoj_eye_
\\U0001f4f8, _emoj_camera_with_flash_
\\U0001f4fd, _emoj_film_projector_
\\U0001f4ff, _emoj_prayer_beads_
\\U0001f549, _emoj_om_symbol_
\\U0001f54a, _emoj_dove_of_peace_
\\U0001f56a, _emoj_right_speaker_with_three_sound_waves_
\\U0001f575, _emoj_sleuth_or_spy_
\\U0001f576, _emoj_dark_sunglasses_
\\U0001f577, _emoj_spider_
\\U0001f58a, _emoj_lower_left_ballpoint_pen_
\\U0001f58d, _emoj_lower_left_crayon_
\\U0001f595, _emoj_rev_hand_with_middle_fing_extended_
\\U0001f596, _emoj_raised_hand_with_part_between_middle_and_ring_fing_
\\U0001f5a5, _emoj_desktop_computer_
\\U0001f5b2, _emoj_trackball_
\\U0001f5d1, _emoj_wastebasket_
\\U0001f5e3, _emoj_speaking_head_in_sillhouette_
\\U0001f5ef, _emoj_right_anger_bubble_
\\U0001f641, _emoj_slightly_frowning_face_
\\U0001f642, _emoj_slightly_smiling_face_
\\U0001f643, _emoj_upside_down_face_
\\U0001f644, _emoj_face_with_rolling_eyes_
\\U0001f6c7, _emoj_prohibited_sign_
\\U0001f6cc, _emoj_sleeping_accomodation_
\\U0001f6d0, _emoj_place_of_worship_
\\U0001f6e0, _emoj_hammer_and_wrench_
\\U0001f910, _emoj_zipper_mouth_face_
\\U0001f911, _emoj_money_mouth_face_
\\U0001f912, _emoj_face_with_thermometer_
\\U0001f913, _emoj_nerd_face_
\\U0001f914, _emoj_thinking_face_
\\U0001f915, _emoj_face_with_bandage_
\\U0001f917, _emoj_hugging_face_
\\U0001f918, _emoj_sign_of_the_horns_
\\U0001f981, _emoj_lion_face_
\\U0001f984, _emoj_unicorn_face_
\\U0001f9c0, _emoj_cheese_wedge_
\\U0003003d, _emoj_unknown_
\\U000fe006, _emoj_foggy_
\\U000fe029, _emoj_clock_face_with_twelve_o_clock_
\\U000fe041, _emoj_rose_emoji_
\\U000fe190, _emoj_eyes_
\\U000fe1ae, _emoj_ghost_
\\U000fe1bc, _emoj_penguin_
\\U000fe327, _emoj_face_with_heart_shaped_eyes_
\\U000fe328, _emoj_face_with_look_of_triumph_
\\U000fe329, _emoj_face_with_stuck_out_tongue_and_winking_eye_
\\U000fe32a, _emoj_face_with_stuck_out_tongue_and_tightly_closed_eyes_
\\U000fe32b, _emoj_face_savoring_delicious_food_
\\U000fe32c, _emoj_face_throwing_a_kiss_
\\U000fe32d, _emoj_kissing_face_with_closed_eyes_
\\U000fe32f, _emoj_flushed_face_emoji_
\\U000fe332, _emoj_smiley_face_with_open_mouth_and_tightly_closed_eyes_
\\U000fe333, _emoj_grinning_face_with_smiling_eyes_
\\U000fe334, _emoj_face_with_tears_of_joy_
\\U000fe335, _emoj_smiling_face_with_smiling_eyes_
\\U000fe338, _emoj_smiling_face_with_open_mouth_and_smiling_eyes_
\\U000fe339, _emoj_crying_face_
\\U000fe33a, _emoj_loudly_crying_face_
\\U000fe33d, _emoj_pouting_face_
\\U000fe33e, _emoj_relieved_face_
\\U000fe343, _emoj_smirking_face_
\\U000fe347, _emoj_winking_face_
\\U000fe351, _emoj_face_with_no_good_gesture_
\\U000fe354, _emoj_see_no_evil_monkey_
\\U000fe358, _emoj_person_raising_both_hands_up_
\\U000fe35b, _emoj_person_with_folded_hands_
\\U000fe4ef, _emoj_camera_
\\U000fe4f6, _emoj_fire_
\\U000fe4fc, _emoj_battery_
\\U000fe511, _emoj_birthday_cake_
\\U000fe517, _emoj_party_popper_
\\U000fe520, _emoj_confetti_ball_
\\U000fe7e2, _emoj_high_speed_train_
\\U000fe7f0, _emoj_pedestrian_
\\U000fe7f9, _emoj_police_cars_revolving_light_
\\U000fe814, _emoj_multiple_music_notes_
\\U000fe97b, _emoj_candy_emoji_
\\U000fe97c, _emoj_lollipop_
\\U000fe982, _emoj_cocktail_glass_
\\U000fe983, _emoj_beer_mug_
\\U000fe986, _emoj_wine_glass_
\\U000fe987, _emoj_clinking_beer_mugs_
\\U000fe988, _emoj_tropical_drink_
\\U000feb0d, _emoj_beating_heart_
\\U000feb10, _emoj_sparkling_heart_
\\U000feb18, _emoj_revolving_hearts_
\\U000feb1e, _emoj_smoking_symbol_
\\U000feb1f, _emoj_no_smoking_symbol_
\\U000feb4f, _emoj_squared_sos_
\\U000feb5b, _emoj_splashing_sweat_symbol_
\\U000feb7b, _emoj_hundred_points_symbol_
\\U000feb96, _emoj_fisted_hand_
\\U000feb97, _emoj_thumbs_up_sign_
\\U000feb9a, _emoj_white_down_pointing_backhand_
\\U000feb9c, _emoj_white_right_pointing_backhand_
\\U000feb9f, _emoj_ok_hand_
\\U000feba0, _emoj_thumbs_down_
\\U000fec00, _emoj_unknown_
\\U000fec17, _emoj_unknown_
\\U000fec19, _emoj_unknown_
\\U000fec1b, _emoj_unknown_
\\U000fec27, _emoj_unknown_
\\U000fec34, _emoj_unknown_
\\U0001f399, _emoj_unknown_
\\U0001f1f1, _emoj_unknown_
\\U000fe321, _emoj_unknown_
\\U0001f570, _emoj_unknown_
\\U0001f570, _emoj_unknown_
\\U000fe059, _emoj_unknown_
\\U0001f5d3, _emoj_unknown_
\\U000feb36, _emoj_unknown_
\\U0001f5d3, _emoj_unknown_
\\U0001f5d3, _emoj_unknown_
\\U0001f37d, _emoj_unknown_
\\U0001f37d, _emoj_unknown_
\\U0001f56f, _emoj_unknown_
\\U0001f574, _emoj_unknown_
\\U0001f1f1, _emoj_unknown_
\\U0001f1fe, _emoj_unknown_
\\U000fe321, _emoj_unknown_
\\U0001f3b5, _emoj_musical_note_
\\U000feb5d, _emoj_dash_
\\u30c4, _emoj_katakana_letter_tu_shrugface_
\\xaf, 
\\u2013, _emoj_en_dash_
\\xa0, _emoj_no_break_space_
\\uff0c, _emoj_full_width_comma_
\\u0361, _emoj_combining_double_inverted_breve_
\\xb0, _emoj_degree sign_
\\u035c, _emoj_double_breve_below_
\\u0296, _emoj_latin_letter_inverted_glottal_stop_
\\U0001f937, _emoj_shrug_
\\u20e3, _emoj_combining_enclosing_keycap_
\\u2139, _emoj_information_source_
\\u30fb, _emoj_katakana_middle_dot_
\\U0001f9d0, _emoj_face_with_monocle_
\\U0001f920, _emoj_face_with_cowboy_hat_
\\u203c, _emoj_double_exclamation_mark_
\\u2022, _emoj_bullet_
\\uff01, _emoj_full_width_exclamation_mark_
\\U0001f929, _emoj_grinning_face_with_star_eyes_
\\U0001f926, _emoj_face_palm_
\\U0001f923, _emoj_rolling_on_the_floor_laughing_
\\u2049 , _emoj_exclamation_question_mark
\\u0274 , _emoj_latin_N_
\\u0262 , _emoj_latin_G_
\\u0432, _emoj_latin_VE_
\\U0001f924, _emoj_drooling_face_
\\u20ac, _emoj_euro_sign_
\\u2070, _emoj_superscript_zero_
\\u2b55, _emoj_heavy_large_circle_
\\U0001f5e8, _emoj_left_speech_bubble_
\\u20ad, _emoj_kip_sign_
\\u0001f980, _emoj_crab_
\\u1ec7t, _emoj_latin_small_letter_e_with_circumflex_and_dot_below_
