\\U00000023, [emoj_number_
\\U000020e3,hash] 
\\U00000030, [emoj_number_
\\U000020e3,zero] 
\\U00000031, [emoj_number_
\\U000020e3,one] 
\\U00000032, [emoj_number_
\\U000020e3,two] 
\\U00000033, [emoj_number_
\\U000020e3,three] 
\\U00000034, [emoj_number_
\\U000020e3,four] 
\\U00000035, [emoj_number_
\\U000020e3,five] 
\\U00000036, [emoj_number_
\\U000020e3,six] 
\\U00000037, [emoj_number_
\\U000020e3,seven] 
\\U00000038, [emoj_number_
\\U000020e3,eight] 
\\U00000039, [emoj_number_
\\U000020e3,nine] 
\\U000000a9, [emoj_copyright] 
\\U000000ae, [emoj_registered] 
\\U0000203c, [emoj_bangbang] 
\\U00002049, [emoj_interrobang] 
\\U00002122, [emoj_tm] 
\\U00002139, [emoj_information_source] 
\\U00002194, [emoj_left_right_arrow] 
\\U00002195, [emoj_arrow_up_down] 
\\U00002196, [emoj_arrow_upper_left] 
\\U00002197, [emoj_arrow_upper_right] 
\\U00002198, [emoj_arrow_lower_right] 
\\U00002199, [emoj_arrow_lower_left] 
\\U000021a9, [emoj_leftwards_arrow_with_hook] 
\\U000021aa, [emoj_arrow_right_hook] 
\\U0000231a, [emoj_watch] 
\\U0000231b, [emoj_hourglass] 
\\U000023e9, [emoj_fast_forward] 
\\U000023ea, [emoj_rewind] 
\\U000023eb, [emoj_arrow_double_up] 
\\U000023ec, [emoj_arrow_double_down] 
\\U000023f0, [emoj_alarm_clock] 
\\U000023f3, [emoj_hourglass_flowing_sand] 
\\U000024c2, [emoj_m] 
\\U000025aa, [emoj_black_small_square] 
\\U000025ab, [emoj_white_small_square] 
\\U000025b6, [emoj_arrow_forward] 
\\U000025c0, [emoj_arrow_backward] 
\\U000025fb, [emoj_white_medium_square] 
\\U000025fc, [emoj_black_medium_square] 
\\U000025fd, [emoj_white_medium_small_square] 
\\U000025fe, [emoj_black_medium_small_square] 
\\U00002600, [emoj_sunny] 
\\U00002601, [emoj_cloud] 
\\U0000260e, [emoj_phone] 
\\U00002611, [emoj_ballot_box_with_check] 
\\U00002614, [emoj_umbrella] 
\\U00002615, [emoj_coffee] 
\\U0000261d, [emoj_point_up] 
\\U0000263a, [emoj_relaxed] 
\\U00002648, [emoj_aries] 
\\U00002649, [emoj_taurus] 
\\U0000264a, [emoj_gemini] 
\\U0000264b, [emoj_cancer] 
\\U0000264c, [emoj_leo] 
\\U0000264d, [emoj_virgo] 
\\U0000264e, [emoj_libra] 
\\U0000264f, [emoj_scorpius] 
\\U00002650, [emoj_sagittarius] 
\\U00002651, [emoj_capricorn] 
\\U00002652, [emoj_aquarius] 
\\U00002653, [emoj_pisces] 
\\U00002660, [emoj_spades] 
\\U00002663, [emoj_clubs] 
\\U00002665, [emoj_heart]+[emoj_heart] 
\\U00002666, [emoj_diamonds] 
\\U00002668, [emoj_hotsprings] 
\\U0000267b, [emoj_recycle] 
\\U0000267f, [emoj_wheelchair] 
\\U00002693, [emoj_anchor] 
\\U000026a0, [emoj_warning] 
\\U000026a1, [emoj_zap] 
\\U000026aa, [emoj_white_circle] 
\\U000026ab, [emoj_black_circle] 
\\U000026bd, [emoj_soccer] 
\\U000026be, [emoj_baseball] 
\\U000026c4, [emoj_snowman] 
\\U000026c5, [emoj_partly_sunny] 
\\U000026ce, [emoj_ophiuchus] 
\\U000026d4, [emoj_no_entry] 
\\U000026ea, [emoj_church] 
\\U000026f2, [emoj_fountain] 
\\U000026f3, [emoj_golf] 
\\U000026f5, [emoj_sailboat] 
\\U000026fa, [emoj_tent] 
\\U000026fd, [emoj_fuelpump] 
\\U00002702, [emoj_scissors] 
\\U00002705, [emoj_white_check_mark] 
\\U00002708, [emoj_airplane] 
\\U00002709, [emoj_email] 
\\U0000270a, [emoj_fist] 
\\U0000270b, [emoj_hand] 
\\U0000270c, [emoj_v] 
\\U0000270f, [emoj_pencil2] 
\\U00002712, [emoj_black_nib] 
\\U00002714, [emoj_heavy_check_mark] 
\\U00002716, [emoj_heavy_multiplication_x] 
\\U00002728, [emoj_sparkles] 
\\U00002733, [emoj_eight_spoked_asterisk] 
\\U00002734, [emoj_eight_pointed_black_star] 
\\U00002744, [emoj_snowflake] 
\\U00002747, [emoj_sparkle] 
\\U0000274c, [emoj_x] 
\\U0000274e, [emoj_negative_squared_cross_mark] 
\\U00002753, [emoj_question] 
\\U00002754, [emoj_grey_question] 
\\U00002755, [emoj_grey_exclamation] 
\\U00002757, [emoj_heavy_exclamation_mark] 
\\U00002764, [emoj_heart] 
\\U00002795, [emoj_heavy_plus_sign] 
\\U00002796, [emoj_heavy_minus_sign] 
\\U00002797, [emoj_heavy_division_sign] 
\\U000027a1, [emoj_arrow_right] 
\\U000027b0, [emoj_curly_loop] 
\\U000027bf, [emoj_loop] 
\\U00002934, [emoj_arrow_heading_up] 
\\U00002935, [emoj_arrow_heading_down] 
\\U00002b05, [emoj_arrow_left] 
\\U00002b06, [emoj_arrow_up] 
\\U00002b07, [emoj_arrow_down] 
\\U00002b1b, [emoj_black_large_square] 
\\U00002b1c, [emoj_white_large_square] 
\\U00002b50, [emoj_star] 
\\U00002b55, [emoj_o] 
\\U00003030, [emoj_wavy_dash] 
\\U0000303d, [emoj_part_alternation_mark] 
\\U00003297, [emoj_congratulations] 
\\U00003299, [emoj_secret] 
\\U0001f004, [emoj_mahjong] 
\\U0001f0cf, [emoj_black_joker] 
\\U0001f170, [emoj_a] 
\\U0001f171, [emoj_b] 
\\U0001f17e, [emoj_o2] 
\\U0001f17f, [emoj_parking] 
\\U0001f18e, [emoj_ab] 
\\U0001f191, [emoj_cl] 
\\U0001f192, [emoj_cool] 
\\U0001f193, [emoj_free] 
\\U0001f194, [emoj_id] 
\\U0001f195, [emoj_new] 
\\U0001f196, [emoj_ng] 
\\U0001f197, [emoj_ok] 
\\U0001f198, [emoj_sos] 
\\U0001f199, [emoj_up] 
\\U0001f19a, [emoj_vs] 
\\U0001f1e8, [emoj_flag_
\\U0001f1f3,cn] 
\\U0001f1e9, [emoj_flag_
\\U0001f1ea,de] 
\\U0001f1ea, [emoj_flag_
\\U0001f1f8,es] 
\\U0001f1eb, [emoj_flag_
\\U0001f1f7,fr] 
\\U0001f1ec, [emoj_flag_
\\U0001f1e7,gb] 
\\U0001f1ee, [emoj_flag_
\\U0001f1f9,it] 
\\U0001f1ef, [emoj_flag_
\\U0001f1f5,jp] 
\\U0001f1f0, [emoj_flag_
\\U0001f1f7,kr] 
\\U0001f1f7, [emoj_flag_
\\U0001f1fa,ru] 
\\U0001f1fa, [emoj_flag_
\\U0001f1f8,us] 
\\U0001f201, [emoj_koko] 
\\U0001f202, [emoj_sa] 
\\U0001f21a, [emoj_u7121] 
\\U0001f22f, [emoj_u6307] 
\\U0001f232, [emoj_u7981] 
\\U0001f233, [emoj_u7a7a] 
\\U0001f234, [emoj_u5408] 
\\U0001f235, [emoj_u6e80] 
\\U0001f236, [emoj_u6709] 
\\U0001f237, [emoj_u6708] 
\\U0001f238, [emoj_u7533] 
\\U0001f239, [emoj_u5272] 
\\U0001f23a, [emoj_u55b6] 
\\U0001f250, [emoj_ideograph_advantage] 
\\U0001f251, [emoj_accept] 
\\U0001f300, [emoj_cyclone] 
\\U0001f301, [emoj_foggy] 
\\U0001f302, [emoj_closed_umbrella] 
\\U0001f303, [emoj_night_with_stars] 
\\U0001f304, [emoj_sunrise_over_mountains] 
\\U0001f305, [emoj_sunrise] 
\\U0001f306, [emoj_city_sunset] 
\\U0001f307, [emoj_city_sunrise] 
\\U0001f308, [emoj_rainbow] 
\\U0001f309, [emoj_bridge_at_night] 
\\U0001f30a, [emoj_ocean] 
\\U0001f30b, [emoj_volcano] 
\\U0001f30c, [emoj_milky_way] 
\\U0001f30d, [emoj_earth_africa] 
\\U0001f30e, [emoj_earth_americas] 
\\U0001f30f, [emoj_earth_asia] 
\\U0001f310, [emoj_globe_with_meridians] 
\\U0001f311, [emoj_new_moon] 
\\U0001f312, [emoj_waxing_crescent_moon] 
\\U0001f313, [emoj_first_quarter_moon] 
\\U0001f314, [emoj_waxing_gibbous_moon] 
\\U0001f315, [emoj_full_moon] 
\\U0001f316, [emoj_waning_gibbous_moon] 
\\U0001f317, [emoj_last_quarter_moon] 
\\U0001f318, [emoj_waning_crescent_moon] 
\\U0001f319, [emoj_crescent_moon] 
\\U0001f31a, [emoj_new_moon_with_face] 
\\U0001f31b, [emoj_first_quarter_moon_with_face] 
\\U0001f31c, [emoj_last_quarter_moon_with_face] 
\\U0001f31d, [emoj_full_moon_with_face] 
\\U0001f31e, [emoj_sun_with_face] 
\\U0001f31f, [emoj_star2] 
\\U0001f320, [emoj_stars] 
\\U0001f330, [emoj_chestnut] 
\\U0001f331, [emoj_seedling] 
\\U0001f332, [emoj_evergreen_tree] 
\\U0001f333, [emoj_deciduous_tree] 
\\U0001f334, [emoj_palm_tree] 
\\U0001f335, [emoj_cactus] 
\\U0001f337, [emoj_tulip] 
\\U0001f338, [emoj_cherry_blossom] 
\\U0001f339, [emoj_rose] 
\\U0001f33a, [emoj_hibiscus] 
\\U0001f33b, [emoj_sunflower] 
\\U0001f33c, [emoj_blossom] 
\\U0001f33d, [emoj_corn] 
\\U0001f33e, [emoj_ear_of_rice] 
\\U0001f33f, [emoj_herb] 
\\U0001f340, [emoj_four_leaf_clover] 
\\U0001f341, [emoj_maple_leaf] 
\\U0001f342, [emoj_fallen_leaf] 
\\U0001f343, [emoj_leaves] 
\\U0001f344, [emoj_mushroom] 
\\U0001f345, [emoj_tomato] 
\\U0001f346, [emoj_eggplant] 
\\U0001f347, [emoj_grapes] 
\\U0001f348, [emoj_melon] 
\\U0001f349, [emoj_watermelon] 
\\U0001f34a, [emoj_tangerine] 
\\U0001f34b, [emoj_lemon] 
\\U0001f34c, [emoj_banana] 
\\U0001f34d, [emoj_pineapple] 
\\U0001f34e, [emoj_apple] 
\\U0001f34f, [emoj_green_apple] 
\\U0001f350, [emoj_pear] 
\\U0001f351, [emoj_peach] 
\\U0001f352, [emoj_cherries] 
\\U0001f353, [emoj_strawberry] 
\\U0001f354, [emoj_hamburger] 
\\U0001f355, [emoj_pizza] 
\\U0001f356, [emoj_meat_on_bone] 
\\U0001f357, [emoj_poultry_leg] 
\\U0001f358, [emoj_rice_cracker] 
\\U0001f359, [emoj_rice_ball] 
\\U0001f35a, [emoj_rice] 
\\U0001f35b, [emoj_curry] 
\\U0001f35c, [emoj_ramen] 
\\U0001f35d, [emoj_spaghetti] 
\\U0001f35e, [emoj_bread] 
\\U0001f35f, [emoj_fries] 
\\U0001f360, [emoj_sweet_potato] 
\\U0001f361, [emoj_dango] 
\\U0001f362, [emoj_oden] 
\\U0001f363, [emoj_sushi] 
\\U0001f364, [emoj_fried_shrimp] 
\\U0001f365, [emoj_fish_cake] 
\\U0001f366, [emoj_icecream] 
\\U0001f367, [emoj_shaved_ice] 
\\U0001f368, [emoj_ice_cream] 
\\U0001f369, [emoj_doughnut] 
\\U0001f36a, [emoj_cookie] 
\\U0001f36b, [emoj_chocolate_bar] 
\\U0001f36c, [emoj_candy] 
\\U0001f36d, [emoj_lollipop] 
\\U0001f36e, [emoj_custard] 
\\U0001f36f, [emoj_honey_pot] 
\\U0001f370, [emoj_cake] 
\\U0001f371, [emoj_bento] 
\\U0001f372, [emoj_stew] 
\\U0001f373, [emoj_egg] 
\\U0001f374, [emoj_fork_and_knife] 
\\U0001f375, [emoj_tea] 
\\U0001f376, [emoj_sake] 
\\U0001f377, [emoj_wine_glass] 
\\U0001f378, [emoj_cocktail] 
\\U0001f379, [emoj_tropical_drink] 
\\U0001f37a, [emoj_beer] 
\\U0001f37b, [emoj_beers] 
\\U0001f37c, [emoj_baby_bottle] 
\\U0001f380, [emoj_ribbon] 
\\U0001f381, [emoj_gift] 
\\U0001f382, [emoj_birthday] 
\\U0001f383, [emoj_jack_o_lantern] 
\\U0001f384, [emoj_christmas_tree] 
\\U0001f385, [emoj_santa] 
\\U0001f386, [emoj_fireworks] 
\\U0001f387, [emoj_sparkler] 
\\U0001f388, [emoj_balloon] 
\\U0001f389, [emoj_tada] 
\\U0001f38a, [emoj_confetti_ball] 
\\U0001f38b, [emoj_tanabata_tree] 
\\U0001f38c, [emoj_crossed_flags] 
\\U0001f38d, [emoj_bamboo] 
\\U0001f38e, [emoj_dolls] 
\\U0001f38f, [emoj_flags] 
\\U0001f390, [emoj_wind_chime] 
\\U0001f391, [emoj_rice_scene] 
\\U0001f392, [emoj_school_satchel] 
\\U0001f393, [emoj_mortar_board] 
\\U0001f3a0, [emoj_carousel_horse] 
\\U0001f3a1, [emoj_ferris_wheel] 
\\U0001f3a2, [emoj_roller_coaster] 
\\U0001f3a3, [emoj_fishing_pole_and_fish] 
\\U0001f3a4, [emoj_microphone] 
\\U0001f3a5, [emoj_movie_camera] 
\\U0001f3a6, [emoj_cinema] 
\\U0001f3a7, [emoj_headphones] 
\\U0001f3a8, [emoj_art] 
\\U0001f3a9, [emoj_tophat] 
\\U0001f3aa, [emoj_circus_tent] 
\\U0001f3ab, [emoj_ticket] 
\\U0001f3ac, [emoj_clapper] 
\\U0001f3ad, [emoj_performing_arts] 
\\U0001f3ae, [emoj_video_game] 
\\U0001f3af, [emoj_dart] 
\\U0001f3b0, [emoj_slot_machine] 
\\U0001f3b1, [emoj_8ball] 
\\U0001f3b2, [emoj_game_die] 
\\U0001f3b3, [emoj_bowling] 
\\U0001f3b4, [emoj_flower_playing_cards] 
\\U0001f3b5, [emoj_musical_note] 
\\U0001f3b6, [emoj_notes] 
\\U0001f3b7, [emoj_saxophone] 
\\U0001f3b8, [emoj_guitar] 
\\U0001f3b9, [emoj_musical_keyboard] 
\\U0001f3ba, [emoj_trumpet] 
\\U0001f3bb, [emoj_violin] 
\\U0001f3bc, [emoj_musical_score] 
\\U0001f3bd, [emoj_running_shirt_with_sash] 
\\U0001f3be, [emoj_tennis] 
\\U0001f3bf, [emoj_ski] 
\\U0001f3c0, [emoj_basketball] 
\\U0001f3c1, [emoj_checkered_flag] 
\\U0001f3c2, [emoj_snowboarder] 
\\U0001f3c3, [emoj_running] 
\\U0001f3c4, [emoj_surfer] 
\\U0001f3c6, [emoj_trophy] 
\\U0001f3c7, [emoj_horse_racing] 
\\U0001f3c8, [emoj_football] 
\\U0001f3c9, [emoj_rugby_football] 
\\U0001f3ca, [emoj_swimmer] 
\\U0001f3e0, [emoj_house] 
\\U0001f3e1, [emoj_house_with_garden] 
\\U0001f3e2, [emoj_office] 
\\U0001f3e3, [emoj_post_office] 
\\U0001f3e4, [emoj_european_post_office] 
\\U0001f3e5, [emoj_hospital] 
\\U0001f3e6, [emoj_bank] 
\\U0001f3e7, [emoj_atm] 
\\U0001f3e8, [emoj_hotel] 
\\U0001f3e9, [emoj_love_hotel] 
\\U0001f3ea, [emoj_convenience_store] 
\\U0001f3eb, [emoj_school] 
\\U0001f3ec, [emoj_department_store] 
\\U0001f3ed, [emoj_factory] 
\\U0001f3ee, [emoj_izakaya_lantern] 
\\U0001f3ef, [emoj_japanese_castle] 
\\U0001f3f0, [emoj_european_castle] 
\\U0001f400, [emoj_rat] 
\\U0001f401, [emoj_mouse2] 
\\U0001f402, [emoj_ox] 
\\U0001f403, [emoj_water_buffalo] 
\\U0001f404, [emoj_cow2] 
\\U0001f405, [emoj_tiger2] 
\\U0001f406, [emoj_leopard] 
\\U0001f407, [emoj_rabbit2] 
\\U0001f408, [emoj_cat2] 
\\U0001f409, [emoj_dragon] 
\\U0001f40a, [emoj_crocodile] 
\\U0001f40b, [emoj_whale2] 
\\U0001f40c, [emoj_snail] 
\\U0001f40d, [emoj_snake] 
\\U0001f40e, [emoj_racehorse] 
\\U0001f40f, [emoj_ram] 
\\U0001f410, [emoj_goat] 
\\U0001f411, [emoj_sheep] 
\\U0001f412, [emoj_monkey] 
\\U0001f413, [emoj_rooster] 
\\U0001f414, [emoj_chicken] 
\\U0001f415, [emoj_dog2] 
\\U0001f416, [emoj_pig2] 
\\U0001f417, [emoj_boar] 
\\U0001f418, [emoj_elephant] 
\\U0001f419, [emoj_octopus] 
\\U0001f41a, [emoj_shell] 
\\U0001f41b, [emoj_bug] 
\\U0001f41c, [emoj_ant] 
\\U0001f41d, [emoj_bee] 
\\U0001f41e, [emoj_beetle] 
\\U0001f41f, [emoj_fish] 
\\U0001f420, [emoj_tropical_fish] 
\\U0001f421, [emoj_blowfish] 
\\U0001f422, [emoj_turtle] 
\\U0001f423, [emoj_hatching_chick] 
\\U0001f424, [emoj_baby_chick] 
\\U0001f425, [emoj_hatched_chick] 
\\U0001f426, [emoj_bird] 
\\U0001f427, [emoj_penguin] 
\\U0001f428, [emoj_koala] 
\\U0001f429, [emoj_poodle] 
\\U0001f42a, [emoj_dromedary_camel] 
\\U0001f42b, [emoj_camel] 
\\U0001f42c, [emoj_flipper] 
\\U0001f42d, [emoj_mouse] 
\\U0001f42e, [emoj_cow] 
\\U0001f42f, [emoj_tiger] 
\\U0001f430, [emoj_rabbit] 
\\U0001f431, [emoj_cat] 
\\U0001f432, [emoj_dragon_face] 
\\U0001f433, [emoj_whale] 
\\U0001f434, [emoj_horse] 
\\U0001f435, [emoj_monkey_face] 
\\U0001f436, [emoj_dog] 
\\U0001f437, [emoj_pig] 
\\U0001f438, [emoj_frog] 
\\U0001f439, [emoj_hamster] 
\\U0001f43a, [emoj_wolf] 
\\U0001f43b, [emoj_bear] 
\\U0001f43c, [emoj_panda_face] 
\\U0001f43d, [emoj_pig_nose] 
\\U0001f43e, [emoj_paw_prints] 
\\U0001f440, [emoj_eyes] 
\\U0001f442, [emoj_ear] 
\\U0001f443, [emoj_nose] 
\\U0001f444, [emoj_lips] 
\\U0001f445, [emoj_tongue] 
\\U0001f446, [emoj_point_up_2] 
\\U0001f447, [emoj_point_down] 
\\U0001f448, [emoj_point_left] 
\\U0001f449, [emoj_point_right] 
\\U0001f44a, [emoj_facepunch] 
\\U0001f44b, [emoj_wave] 
\\U0001f44c, [emoj_ok_hand] 
\\U0001f44d, [emoj_thumbsup] 
\\U0001f44e, [emoj_-1] 
\\U0001f44f, [emoj_clap] 
\\U0001f450, [emoj_open_hands] 
\\U0001f451, [emoj_crown] 
\\U0001f452, [emoj_womans_hat] 
\\U0001f453, [emoj_eyeglasses] 
\\U0001f454, [emoj_necktie] 
\\U0001f455, [emoj_tshirt] 
\\U0001f456, [emoj_jeans] 
\\U0001f457, [emoj_dress] 
\\U0001f458, [emoj_kimono] 
\\U0001f459, [emoj_bikini] 
\\U0001f45a, [emoj_womans_clothes] 
\\U0001f45b, [emoj_purse] 
\\U0001f45c, [emoj_handbag] 
\\U0001f45d, [emoj_pouch] 
\\U0001f45e, [emoj_shoe] 
\\U0001f45f, [emoj_athletic_shoe] 
\\U0001f460, [emoj_high_heel] 
\\U0001f461, [emoj_sandal] 
\\U0001f462, [emoj_boot] 
\\U0001f463, [emoj_footprints] 
\\U0001f464, [emoj_bust_in_silhouette] 
\\U0001f465, [emoj_busts_in_silhouette] 
\\U0001f466, [emoj_boy] 
\\U0001f467, [emoj_girl] 
\\U0001f468, [emoj_man] 
\\U0001f469, [emoj_woman] 
\\U0001f46a, [emoj_family] 
\\U0001f46b, [emoj_couple] 
\\U0001f46c, [emoj_two_men_holding_hands] 
\\U0001f46d, [emoj_two_women_holding_hands] 
\\U0001f46e, [emoj_cop] 
\\U0001f46f, [emoj_dancers] 
\\U0001f470, [emoj_bride_with_veil] 
\\U0001f471, [emoj_person_with_blond_hair] 
\\U0001f472, [emoj_man_with_gua_pi_mao] 
\\U0001f473, [emoj_man_with_turban] 
\\U0001f474, [emoj_older_man] 
\\U0001f475, [emoj_older_woman] 
\\U0001f476, [emoj_baby] 
\\U0001f477, [emoj_construction_worker] 
\\U0001f478, [emoj_princess] 
\\U0001f479, [emoj_japanese_ogre] 
\\U0001f47a, [emoj_japanese_goblin] 
\\U0001f47b, [emoj_ghost] 
\\U0001f47c, [emoj_angel] 
\\U0001f47d, [emoj_alien] 
\\U0001f47e, [emoj_space_invader] 
\\U0001f47f, [emoj_imp] 
\\U0001f480, [emoj_skull] 
\\U0001f481, [emoj_information_desk_person] 
\\U0001f482, [emoj_guardsman] 
\\U0001f483, [emoj_dancer] 
\\U0001f484, [emoj_lipstick] 
\\U0001f485, [emoj_nail_care] 
\\U0001f486, [emoj_massage] 
\\U0001f487, [emoj_haircut] 
\\U0001f488, [emoj_barber] 
\\U0001f489, [emoj_syringe] 
\\U0001f48a, [emoj_pill] 
\\U0001f48b, [emoj_kiss] 
\\U0001f48c, [emoj_love_letter] 
\\U0001f48d, [emoj_ring] 
\\U0001f48e, [emoj_gem] 
\\U0001f48f, [emoj_couplekiss] 
\\U0001f490, [emoj_bouquet] 
\\U0001f491, [emoj_couple]+[emoj_heart] 
\\U0001f492, [emoj_wedding] 
\\U0001f493, [emoj_heart] 
\\U0001f494, [emoj_broken_heart] 
\\U0001f495, [emoj_heart]+[emoj_heart] 
\\U0001f496, [emoj_heart] 
\\U0001f497, [emoj_heart] 
\\U0001f498, [emoj_cupid] 
\\U0001f499, [emoj_heart] 
\\U0001f49a, [emoj_heart] 
\\U0001f49b, [emoj_heart] 
\\U0001f49c, [emoj_heart] 
\\U0001f49d, [emoj_gift]+[emoj_heart] 
\\U0001f49e, [emoj_heart]+[emoj_heart] 
\\U0001f49f, [emoj_heart] 
\\U0001f4a0, [emoj_diamond_shape_with_a_dot_inside] 
\\U0001f4a1, [emoj_bulb] 
\\U0001f4a2, [emoj_anger] 
\\U0001f4a3, [emoj_bomb] 
\\U0001f4a4, [emoj_zzz] 
\\U0001f4a5, [emoj_boom] 
\\U0001f4a6, [emoj_sweat_drops] 
\\U0001f4a7, [emoj_droplet] 
\\U0001f4a8, [emoj_dash] 
\\U0001f4a9, [emoj_shit] 
\\U0001f4aa, [emoj_muscle] 
\\U0001f4ab, [emoj_dizzy] 
\\U0001f4ac, [emoj_speech_balloon] 
\\U0001f4ad, [emoj_thought_balloon] 
\\U0001f4ae, [emoj_white_flower] 
\\U0001f4af, [emoj_100] 
\\U0001f4b0, [emoj_moneybag] 
\\U0001f4b1, [emoj_currency_exchange] 
\\U0001f4b2, [emoj_heavy_dollar_sign] 
\\U0001f4b3, [emoj_credit_card] 
\\U0001f4b4, [emoj_yen] 
\\U0001f4b5, [emoj_dollar] 
\\U0001f4b6, [emoj_euro] 
\\U0001f4b7, [emoj_pound] 
\\U0001f4b8, [emoj_money_with_wings] 
\\U0001f4b9, [emoj_chart] 
\\U0001f4ba, [emoj_seat] 
\\U0001f4bb, [emoj_computer] 
\\U0001f4bc, [emoj_briefcase] 
\\U0001f4bd, [emoj_minidisc] 
\\U0001f4be, [emoj_floppy_disk] 
\\U0001f4bf, [emoj_cd] 
\\U0001f4c0, [emoj_dvd] 
\\U0001f4c1, [emoj_file_folder] 
\\U0001f4c2, [emoj_open_file_folder] 
\\U0001f4c3, [emoj_page_with_curl] 
\\U0001f4c4, [emoj_page_facing_up] 
\\U0001f4c5, [emoj_date] 
\\U0001f4c6, [emoj_calendar] 
\\U0001f4c7, [emoj_card_index] 
\\U0001f4c8, [emoj_chart_with_upwards_trend] 
\\U0001f4c9, [emoj_chart_with_downwards_trend] 
\\U0001f4ca, [emoj_bar_chart] 
\\U0001f4cb, [emoj_clipboard] 
\\U0001f4cc, [emoj_pushpin] 
\\U0001f4cd, [emoj_round_pushpin] 
\\U0001f4ce, [emoj_paperclip] 
\\U0001f4cf, [emoj_straight_ruler] 
\\U0001f4d0, [emoj_triangular_ruler] 
\\U0001f4d1, [emoj_bookmark_tabs] 
\\U0001f4d2, [emoj_ledger] 
\\U0001f4d3, [emoj_notebook] 
\\U0001f4d4, [emoj_notebook_with_decorative_cover] 
\\U0001f4d5, [emoj_closed_book] 
\\U0001f4d6, [emoj_open_book] 
\\U0001f4d7, [emoj_green_book] 
\\U0001f4d8, [emoj_blue_book] 
\\U0001f4d9, [emoj_orange_book] 
\\U0001f4da, [emoj_books] 
\\U0001f4db, [emoj_name_badge] 
\\U0001f4dc, [emoj_scroll] 
\\U0001f4dd, [emoj_memo] 
\\U0001f4de, [emoj_telephone_receiver] 
\\U0001f4df, [emoj_pager] 
\\U0001f4e0, [emoj_fax] 
\\U0001f4e1, [emoj_satellite] 
\\U0001f4e2, [emoj_loudspeaker] 
\\U0001f4e3, [emoj_mega] 
\\U0001f4e4, [emoj_outbox_tray] 
\\U0001f4e5, [emoj_inbox_tray] 
\\U0001f4e6, [emoj_package] 
\\U0001f4e7, [emoj_e-mail] 
\\U0001f4e8, [emoj_incoming_envelope] 
\\U0001f4e9, [emoj_envelope_with_arrow] 
\\U0001f4ea, [emoj_mailbox_closed] 
\\U0001f4eb, [emoj_mailbox] 
\\U0001f4ec, [emoj_mailbox_with_mail] 
\\U0001f4ed, [emoj_mailbox_with_no_mail] 
\\U0001f4ee, [emoj_postbox] 
\\U0001f4ef, [emoj_postal_horn] 
\\U0001f4f0, [emoj_newspaper] 
\\U0001f4f1, [emoj_iphone] 
\\U0001f4f2, [emoj_calling] 
\\U0001f4f3, [emoj_vibration_mode] 
\\U0001f4f4, [emoj_mobile_phone_off] 
\\U0001f4f5, [emoj_no_mobile_phones] 
\\U0001f4f6, [emoj_signal_strength] 
\\U0001f4f7, [emoj_camera] 
\\U0001f4f9, [emoj_video_camera] 
\\U0001f4fa, [emoj_tv] 
\\U0001f4fb, [emoj_radio] 
\\U0001f4fc, [emoj_vhs] 
\\U0001f500, [emoj_twisted_rightwards_arrows] 
\\U0001f501, [emoj_repeat] 
\\U0001f502, [emoj_repeat_one] 
\\U0001f503, [emoj_arrows_clockwise] 
\\U0001f504, [emoj_arrows_counterclockwise] 
\\U0001f505, [emoj_low_brightness] 
\\U0001f506, [emoj_high_brightness] 
\\U0001f507, [emoj_mute] 
\\U0001f508, [emoj_speaker] 
\\U0001f509, [emoj_sound] 
\\U0001f50a, [emoj_loud_sound] 
\\U0001f50b, [emoj_battery] 
\\U0001f50c, [emoj_electric_plug] 
\\U0001f50d, [emoj_mag] 
\\U0001f50e, [emoj_mag_right] 
\\U0001f50f, [emoj_lock_with_ink_pen] 
\\U0001f510, [emoj_closed_lock_with_key] 
\\U0001f511, [emoj_key] 
\\U0001f512, [emoj_lock] 
\\U0001f513, [emoj_unlock] 
\\U0001f514, [emoj_bell] 
\\U0001f515, [emoj_no_bell] 
\\U0001f516, [emoj_bookmark] 
\\U0001f517, [emoj_link] 
\\U0001f518, [emoj_radio_button] 
\\U0001f519, [emoj_back] 
\\U0001f51a, [emoj_end] 
\\U0001f51b, [emoj_on] 
\\U0001f51c, [emoj_soon] 
\\U0001f51d, [emoj_top] 
\\U0001f51e, [emoj_underage] 
\\U0001f51f, [emoj_keycap_ten] 
\\U0001f520, [emoj_capital_abcd] 
\\U0001f521, [emoj_abcd] 
\\U0001f522, [emoj_1234] 
\\U0001f523, [emoj_symbols] 
\\U0001f524, [emoj_abc] 
\\U0001f525, [emoj_fire] 
\\U0001f526, [emoj_flashlight] 
\\U0001f527, [emoj_wrench] 
\\U0001f528, [emoj_hammer] 
\\U0001f529, [emoj_nut_and_bolt] 
\\U0001f52a, [emoj_hocho] 
\\U0001f52b, [emoj_gun] 
\\U0001f52c, [emoj_microscope] 
\\U0001f52d, [emoj_telescope] 
\\U0001f52e, [emoj_crystal_ball] 
\\U0001f52f, [emoj_six_pointed_star] 
\\U0001f530, [emoj_beginner] 
\\U0001f531, [emoj_trident] 
\\U0001f532, [emoj_black_square_button] 
\\U0001f533, [emoj_white_square_button] 
\\U0001f534, [emoj_red_circle] 
\\U0001f535, [emoj_large_blue_circle] 
\\U0001f536, [emoj_large_orange_diamond] 
\\U0001f537, [emoj_large_blue_diamond] 
\\U0001f538, [emoj_small_orange_diamond] 
\\U0001f539, [emoj_small_blue_diamond] 
\\U0001f53a, [emoj_small_red_triangle] 
\\U0001f53b, [emoj_small_red_triangle_down] 
\\U0001f53c, [emoj_arrow_up_small] 
\\U0001f53d, [emoj_arrow_down_small] 
\\U0001f550, [emoj_clock1] 
\\U0001f551, [emoj_clock2] 
\\U0001f552, [emoj_clock3] 
\\U0001f553, [emoj_clock4] 
\\U0001f554, [emoj_clock5] 
\\U0001f555, [emoj_clock6] 
\\U0001f556, [emoj_clock7] 
\\U0001f557, [emoj_clock8] 
\\U0001f558, [emoj_clock9] 
\\U0001f559, [emoj_clock10] 
\\U0001f55a, [emoj_clock11] 
\\U0001f55b, [emoj_clock12] 
\\U0001f55c, [emoj_clock130] 
\\U0001f55d, [emoj_clock230] 
\\U0001f55e, [emoj_clock330] 
\\U0001f55f, [emoj_clock430] 
\\U0001f560, [emoj_clock530] 
\\U0001f561, [emoj_clock630] 
\\U0001f562, [emoj_clock730] 
\\U0001f563, [emoj_clock830] 
\\U0001f564, [emoj_clock930] 
\\U0001f565, [emoj_clock1030] 
\\U0001f566, [emoj_clock1130] 
\\U0001f567, [emoj_clock1230] 
\\U0001f5fb, [emoj_mount_fuji] 
\\U0001f5fc, [emoj_tokyo_tower] 
\\U0001f5fd, [emoj_statue_of_liberty] 
\\U0001f5fe, [emoj_japan] 
\\U0001f5ff, [emoj_moyai] 
\\U0001f600, [emoj_grinning] 
\\U0001f601, [emoj_grin] 
\\U0001f602, [emoj_joy] 
\\U0001f603, [emoj_smiley] 
\\U0001f604, [emoj_smile] 
\\U0001f605, [emoj_sweat_smile] 
\\U0001f606, [emoj_satisfied] 
\\U0001f607, [emoj_innocent] 
\\U0001f608, [emoj_smiling_imp] 
\\U0001f609, [emoj_wink] 
\\U0001f60a, [emoj_blush] 
\\U0001f60b, [emoj_yum] 
\\U0001f60c, [emoj_relieved] 
\\U0001f60d, [emoj_heart_eyes] 
\\U0001f60e, [emoj_sunglasses] 
\\U0001f60f, [emoj_smirk] 
\\U0001f610, [emoj_neutral_face] 
\\U0001f611, [emoj_expressionless] 
\\U0001f612, [emoj_unamused] 
\\U0001f613, [emoj_sweat] 
\\U0001f614, [emoj_pensive] 
\\U0001f615, [emoj_confused] 
\\U0001f616, [emoj_confounded] 
\\U0001f617, [emoj_kissing] 
\\U0001f618, [emoj_blowing_kiss] 
\\U0001f619, [emoj_kissing_smiling_eyes] 
\\U0001f61a, [emoj_kissing_closed_eyes] 
\\U0001f61b, [emoj_stuck_out_tongue] 
\\U0001f61c, [emoj_stuck_out_tongue_winking_eye] 
\\U0001f61d, [emoj_stuck_out_tongue_closed_eyes] 
\\U0001f61e, [emoj_disappointed] 
\\U0001f61f, [emoj_worried] 
\\U0001f620, [emoj_angry] 
\\U0001f621, [emoj_rage] 
\\U0001f622, [emoj_cry] 
\\U0001f623, [emoj_persevere] 
\\U0001f624, [emoj_triumph] 
\\U0001f625, [emoj_disappointed_relieved] 
\\U0001f626, [emoj_frowning] 
\\U0001f627, [emoj_anguished] 
\\U0001f628, [emoj_fearful] 
\\U0001f629, [emoj_weary] 
\\U0001f62a, [emoj_sleepy] 
\\U0001f62b, [emoj_tired_face] 
\\U0001f62c, [emoj_grimacing] 
\\U0001f62d, [emoj_sob] 
\\U0001f62e, [emoj_open_mouth] 
\\U0001f62f, [emoj_hushed] 
\\U0001f630, [emoj_cold_sweat] 
\\U0001f631, [emoj_scream] 
\\U0001f632, [emoj_astonished] 
\\U0001f633, [emoj_flushed] 
\\U0001f634, [emoj_sleeping] 
\\U0001f635, [emoj_dizzy_face] 
\\U0001f636, [emoj_no_mouth] 
\\U0001f637, [emoj_mask] 
\\U0001f638, [emoj_smile_cat] 
\\U0001f639, [emoj_joy_cat] 
\\U0001f63a, [emoj_smiley_cat] 
\\U0001f63b, [emoj_heart_eyes_cat] 
\\U0001f63c, [emoj_smirk_cat] 
\\U0001f63d, [emoj_kissing_cat] 
\\U0001f63e, [emoj_pouting_cat] 
\\U0001f63f, [emoj_crying_cat_face] 
\\U0001f640, [emoj_scream_cat] 
\\U0001f645, [emoj_no_good] 
\\U0001f646, [emoj_ok_woman] 
\\U0001f647, [emoj_bow] 
\\U0001f648, [emoj_see_no_evil] 
\\U0001f649, [emoj_hear_no_evil] 
\\U0001f64a, [emoj_speak_no_evil] 
\\U0001f64b, [emoj_raising_hand] 
\\U0001f64c, [emoj_raised_hands] 
\\U0001f64d, [emoj_person_frowning] 
\\U0001f64e, [emoj_person_with_pouting_face] 
\\U0001f64f, [emoj_pray] 
\\U0001f680, [emoj_rocket] 
\\U0001f681, [emoj_helicopter] 
\\U0001f682, [emoj_steam_locomotive] 
\\U0001f683, [emoj_railway_car] 
\\U0001f684, [emoj_bullettrain_side] 
\\U0001f685, [emoj_bullettrain_front] 
\\U0001f686, [emoj_train2] 
\\U0001f687, [emoj_metro] 
\\U0001f688, [emoj_light_rail] 
\\U0001f689, [emoj_station] 
\\U0001f68a, [emoj_tram] 
\\U0001f68b, [emoj_train] 
\\U0001f68c, [emoj_bus] 
\\U0001f68d, [emoj_oncoming_bus] 
\\U0001f68e, [emoj_trolleybus] 
\\U0001f68f, [emoj_busstop] 
\\U0001f690, [emoj_minibus] 
\\U0001f691, [emoj_ambulance] 
\\U0001f692, [emoj_fire_engine] 
\\U0001f693, [emoj_police_car] 
\\U0001f694, [emoj_oncoming_police_car] 
\\U0001f695, [emoj_taxi] 
\\U0001f696, [emoj_oncoming_taxi] 
\\U0001f697, [emoj_red_car] 
\\U0001f698, [emoj_oncoming_automobile] 
\\U0001f699, [emoj_blue_car] 
\\U0001f69a, [emoj_truck] 
\\U0001f69b, [emoj_articulated_lorry] 
\\U0001f69c, [emoj_tractor] 
\\U0001f69d, [emoj_monorail] 
\\U0001f69e, [emoj_mountain_railway] 
\\U0001f69f, [emoj_suspension_railway] 
\\U0001f6a0, [emoj_mountain_cableway] 
\\U0001f6a1, [emoj_aerial_tramway] 
\\U0001f6a2, [emoj_ship] 
\\U0001f6a3, [emoj_rowboat] 
\\U0001f6a4, [emoj_speedboat] 
\\U0001f6a5, [emoj_traffic_light] 
\\U0001f6a6, [emoj_vertical_traffic_light] 
\\U0001f6a7, [emoj_construction] 
\\U0001f6a8, [emoj_rotating_light] 
\\U0001f6a9, [emoj_triangular_flag_on_post] 
\\U0001f6aa, [emoj_door] 
\\U0001f6ab, [emoj_no_entry_sign] 
\\U0001f6ac, [emoj_smoking] 
\\U0001f6ad, [emoj_no_smoking] 
\\U0001f6ae, [emoj_put_litter_in_its_place] 
\\U0001f6af, [emoj_do_not_litter] 
\\U0001f6b0, [emoj_potable_water] 
\\U0001f6b1, [emoj_non-potable_water] 
\\U0001f6b2, [emoj_bike] 
\\U0001f6b3, [emoj_no_bicycles] 
\\U0001f6b4, [emoj_bicyclist] 
\\U0001f6b5, [emoj_mountain_bicyclist] 
\\U0001f6b6, [emoj_walking] 
\\U0001f6b7, [emoj_no_pedestrians] 
\\U0001f6b8, [emoj_children_crossing] 
\\U0001f6b9, [emoj_mens] 
\\U0001f6ba, [emoj_womens] 
\\U0001f6bb, [emoj_restroom] 
\\U0001f6bc, [emoj_baby_symbol] 
\\U0001f6bd, [emoj_toilet] 
\\U0001f6be, [emoj_wc] 
\\U0001f6bf, [emoj_shower] 
\\U0001f6c0, [emoj_bath] 
\\U0001f6c1, [emoj_bathtub] 
\\U0001f6c2, [emoj_passport_control] 
\\U0001f6c3, [emoj_customs] 
\\U0001f6c4, [emoj_baggage_claim] 
\\U0001f6c5, [emoj_left_luggage] 
\\u0374, [emoj_greek_numeral_sign] 
\\u0375, [emoj_greek_lower_numeral_sign] 
\\u037a, [emoj_greek_ypogegrammeni] 
\\u037b, [emoj_greek_small_reversed_lunate_sigma_symbol] 
\\u037c, [emoj_greek_small_dotted_lunate_sigma_symbol] 
\\u037d, [emoj_greek_small_reversed_dotted_lunate_sigma_symbol] 
\\u037e, [emoj_greek_question_mark] 
\\u0384, [emoj_greek_acute_accent] 
\\u0385, [emoj_greek_diaeresis_with_acute_accent] 
\\u0386, [emoj_greek_capital_a_with_acute_accent] 
\\u0387, [emoj_greek_ano_teleia] 
\\u0388, [emoj_greek_capital_epsilon_with_acute_accent] 
\\u0389, [emoj_greek_capital_eta_with_acute_accent] 
\\u038a, [emoj_greek_capital_iota_with_acute_accent] 
\\u038c, [emoj_greek_capital_omicron_with_acute_accent] 
\\u038e, [emoj_greek_capital_upsilon_with_acute_accent] 
\\u038f, [emoj_greek_capital_omega_with_acute_accent] 
\\u0390, [emoj_greek_small_iota_with_diaeresis_and_acute_accent] 
\\u0391, [emoj_greek_capital_alpha] 
\\u0392, [emoj_greek_capital_beta] 
\\u0393, [emoj_greek_capital_gamma] 
\\u0394, [emoj_greek_capital_delta] 
\\u0395, [emoj_greek_capital_epsilon] 
\\u0396, [emoj_greek_capital_zeta] 
\\u0397, [emoj_greek_capital_eta] 
\\u0398, [emoj_greek_capital_theta] 
\\u0399, [emoj_greek_capital_iota] 
\\u039a, [emoj_greek_capital_kappa] 
\\u039b, [emoj_greek_capital_lambda] 
\\u039c, [emoj_greek_capital_mu] 
\\u039d, [emoj_greek_capital_nu] 
\\u039e, [emoj_greek_capital_xi] 
\\u039f, [emoj_greek_capital_omicron] 
\\u03a0, [emoj_greek_capital_pi] 
\\u03a1, [emoj_greek_capital_rho] 
\\u03a3, [emoj_greek_capital_sigma] 
\\u03a4, [emoj_greek_capital_tau] 
\\u03a5, [emoj_greek_capital_upsilon] 
\\u03a6, [emoj_greek_capital_phi] 
\\u03a7, [emoj_greek_capital_chi] 
\\u03a8, [emoj_greek_capital_psi] 
\\u03a9, [emoj_greek_capital_omega] 
\\u03aa, [emoj_greek_capital_iota_with_diaeresis] 
\\u03ab, [emoj_greek_capital_upsilon_with_diaeresis] 
\\u03ac, [emoj_greek_small_alpha_with_acute_accent] 
\\u03ad, [emoj_greek_small_epsilon_with_acute_accent] 
\\u03ae, [emoj_greek_small_eta_with_acute_accent] 
\\u03af, [emoj_greek_small_iota_with_acute_accent] 
\\u03b0, [emoj_greek_small_upsilon_with_diaeresis_and_acute_accent] 
\\u03b1, [emoj_greek_small_alpha] 
\\u03b2, [emoj_greek_small_beta] 
\\u03b3, [emoj_greek_small_gamma] 
\\u03b4, [emoj_greek_small_delta] 
\\u03b5, [emoj_greek_small_epsilon] 
\\u03b6, [emoj_greek_small_zeta] 
\\u03b7, [emoj_greek_small_eta] 
\\u03b8, [emoj_greek_small_theta] 
\\u03b9, [emoj_greek_small_iota] 
\\u03ba, [emoj_greek_small_kappa] 
\\u03bb, [emoj_greek_small_lambda] 
\\u03bc, [emoj_greek_small_mu] 
\\u03bd, [emoj_greek_small_nu] 
\\u03be, [emoj_greek_small_xi] 
\\u03bf, [emoj_greek_small_omicron] 
\\u03c0, [emoj_greek_small_pi] 
\\u03c1, [emoj_greek_small_rho] 
\\u03c2, [emoj_greek_small_final_sigma] 
\\u03c3, [emoj_greek_small_sigma] 
\\u03c4, [emoj_greek_small_tau] 
\\u03c5, [emoj_greek_small_upsilon] 
\\u03c6, [emoj_greek_small_phi] 
\\u03c7, [emoj_greek_small_chi] 
\\u03c8, [emoj_greek_small_psi] 
\\u03c9, [emoj_greek_small_omega] 
\\u03ca, [emoj_greek_small_iota_with_diaeresis] 
\\u03cb, [emoj_greek_small_upsilon_with_diaeresis] 
\\u03cc, [emoj_greek_small_omicron_with_acute_accent] 
\\u03cd, [emoj_greek_small_upsilon_with_acute_accent] 
\\u03ce, [emoj_greek_small_omega_with_acute_accent] 
\\u03d0, [emoj_greek_beta_symbol] 
\\u03d1, [emoj_greek_theta_symbol] 
\\u03d2, [emoj_greek_upsilon_with_hook_symbol] 
\\u03d3, [emoj_greek_upsilon_with_acute_and_hook_symbol] 
\\u03d4, [emoj_greek_upsilon_with_diaeresis_and_hook_symbol] 
\\u03d5, [emoj_greek_phi_symbol] 
\\u03d6, [emoj_greek_pi_symbol] 
\\u03d7, [emoj_greek_kai_symbol] 
\\u03d8, [emoj_greek_qoppa] 
\\u03d9, [emoj_greek_small_qoppa] 
\\u03da, [emoj_greek_stigma_letter] 
\\u03db, [emoj_greek_small_stigma] 
\\u03dc, [emoj_greek_digamma] 
\\u03dd, [emoj_greek_small_digamma] 
\\u03de, [emoj_greek_koppa] 
\\u03df, [emoj_greek_small_koppa] 
\\u03e0, [emoj_greek_sampi] 
\\u03e1, [emoj_greek_small_sampi] 
\\u03e2, [emoj_coptic_capital_shei] 
\\u03e3, [emoj_coptic_small_shei] 
\\u03e4, [emoj_coptic_capital_fei] 
\\u03e5, [emoj_coptic_small_fei] 
\\u03e6, [emoj_coptic_capital_khei] 
\\u03e7, [emoj_coptic_small_khei] 
\\u03e8, [emoj_coptic_capital_hori] 
\\u03e9, [emoj_coptic_small_hori] 
\\u03ea, [emoj_coptic_capital_gangia] 
\\u03eb, [emoj_coptic_small_gangia] 
\\u03ec, [emoj_coptic_capital_shima] 
\\u03ed, [emoj_coptic_small_shima] 
\\u03ee, [emoj_coptic_capital_dei] 
\\u03ef, [emoj_coptic_small_dei] 
\\u03f0, [emoj_greek_kappa_symbol] 
\\u03f1, [emoj_greek_rho_symbol] 
\\u03f2, [emoj_greek_lunate_sigma_symbol] 
\\u03f3, [emoj_greek_yot] 
\\u03f4, [emoj_greek_capital_theta_symbol] 
\\u03f5, [emoj_greek_lunate_epsilon_symbol] 
\\u03f6, [emoj_greek_reversed_lunate_epsilon_symbol] 
\\u03f7, [emoj_greek_capital_sho] 
\\u03f8, [emoj_greek_small_sho] 
\\u03f9, [emoj_greek_capital_lunate_sigma_symbol] 
\\u03fa, [emoj_greek_capital_san] 
\\u03fb, [emoj_greek_small_san] 
\\u03fc, [emoj_greek_rho_with_stroke_symbol] 
\\u03fd, [emoj_greek_capital_reversed_lunate_sigma_symbol] 
\\u03fe, [emoj_greek_capital_dotted_lunate_sigma_symbol] 
\\u03ff, [emoj_greek_capital_reversed_dotted_lunate_sigma_symbol] 
\\u201c," [""] "
\\u201d," [""] "
\\u2026, [...] 
\\u2190, [emoj_leftwards_arrow] 
\\u2191, [emoj_upwards_arrow] 
\\u2192, [emoj_rightwards_arrow] 
\\u2193, [emoj_downwards_arrow] 
\\u2194, [emoj_left_right_arrow] 
\\u2195, [emoj_up_down_arrow] 
\\u2196, [emoj_north_west_arrow] 
\\u2197, [emoj_north_east_arrow] 
\\u2198, [emoj_south_east_arrow] 
\\u2199, [emoj_south_west_arrow] 
\\u219a, [emoj_leftwards_arrow_with_stroke] 
\\u219b, [emoj_rightwards_arrow_with_stroke] 
\\u219c, [emoj_leftwards_wave_arrow] 
\\u219d, [emoj_rightwards_wave_arrow] 
\\u219e, [emoj_leftwards_two_headed_arrow] 
\\u219f, [emoj_upwards_two_headed_arrow] 
\\u21a0, [emoj_rightwards_two_headed_arrow] 
\\u21a1, [emoj_downwards_two_headed_arrow] 
\\u21a2, [emoj_leftwards_arrow_with_tail] 
\\u21a3, [emoj_rightwards_arrow_with_tail] 
\\u21a4, [emoj_leftwards_arrow_from_bar] 
\\u21a5, [emoj_upwards_arrow_from_bar] 
\\u21a6, [emoj_rightwards_arrow_from_bar] 
\\u21a7, [emoj_downwards_arrow_from_bar] 
\\u21a8, [emoj_up_down_arrow_with_base] 
\\u21a9, [emoj_leftwards_arrow_with_hook] 
\\u21aa, [emoj_rightwards_arrow_with_hook] 
\\u21ab, [emoj_leftwards_arrow_with_loop] 
\\u21ac, [emoj_rightwards_arrow_with_loop] 
\\u21ad, [emoj_left_right_wave_arrow] 
\\u21ae, [emoj_left_right_arrow_with_stroke] 
\\u21af, [emoj_downwards_zigzag_arrow] 
\\u21b0, [emoj_upwards_arrow_with_tip_leftwards] 
\\u21b1, [emoj_upwards_arrow_with_tip_rightwards] 
\\u21b2, [emoj_downwards_arrow_with_tip_leftwards] 
\\u21b3, [emoj_downwards_arrow_with_tip_rightwards] 
\\u21b4, [emoj_rightwards_arrow_with_corner_downwards] 
\\u21b5, [emoj_downwards_arrow_with_corner_leftwards] 
\\u21b6, [emoj_anticlockwise_top_semicircle_arrow] 
\\u21b7, [emoj_clockwise_top_semicircle_arrow] 
\\u21b8, [emoj_north_west_arrow_to_long_bar] 
\\u21b9, [emoj_leftwards_arrow_to_bar_over_rightwards_arrow_to_bar] 
\\u21ba, [emoj_anticlockwise_open_circle_arrow] 
\\u21bb, [emoj_clockwise_open_circle_arrow] 
\\u21bc, [emoj_leftwards_harpoon_with_barb_upwards] 
\\u21bd, [emoj_leftwards_harpoon_with_barb_downwards] 
\\u21be, [emoj_upwards_harpoon_with_barb_rightwards] 
\\u21bf, [emoj_upwards_harpoon_with_barb_leftwards] 
\\u21c0, [emoj_rightwards_harpoon_with_barb_upwards] 
\\u21c1, [emoj_rightwards_harpoon_with_barb_downwards] 
\\u21c2, [emoj_downwards_harpoon_with_barb_rightwards] 
\\u21c3, [emoj_downwards_harpoon_with_barb_leftwards] 
\\u21c4, [emoj_rightwards_arrow_over_leftwards_arrow] 
\\u21c5, [emoj_upwards_arrow_leftwards_of_downwards_arrow] 
\\u21c6, [emoj_leftwards_arrow_over_rightwards_arrow] 
\\u21c7, [emoj_leftwards_paired_arrows] 
\\u21c8, [emoj_upwards_paired_arrows] 
\\u21c9, [emoj_rightwards_paired_arrows] 
\\u21ca, [emoj_downwards_paired_arrows] 
\\u21cb, [emoj_leftwards_harpoon_over_rightwards_harpoon] 
\\u21cc, [emoj_rightwards_harpoon_over_leftwards_harpoon] 
\\u21cd, [emoj_leftwards_double_arrow_with_stroke] 
\\u21ce, [emoj_left_right_double_arrow_with_stroke] 
\\u21cf, [emoj_rightwards_double_arrow_with_stroke] 
\\u21d0, [emoj_leftwards_double_arrow] 
\\u21d1, [emoj_upwards_double_arrow] 
\\u21d2, [emoj_rightwards_double_arrow] 
\\u21d3, [emoj_downwards_double_arrow] 
\\u21d4, [emoj_left_right_double_arrow] 
\\u21d5, [emoj_up_down_double_arrow] 
\\u21d6, [emoj_north_west_double_arrow] 
\\u21d7, [emoj_north_east_double_arrow] 
\\u21d8, [emoj_south_east_double_arrow] 
\\u21d9, [emoj_south_west_double_arrow] 
\\u21da, [emoj_leftwards_triple_arrow] 
\\u21db, [emoj_rightwards_triple_arrow] 
\\u21dc, [emoj_leftwards_squiggle_arrow] 
\\u21dd, [emoj_rightwards_squiggle_arrow] 
\\u21de, [emoj_upwards_arrow_with_double_stroke] 
\\u21df, [emoj_downwards_arrow_with_double_stroke] 
\\u21e0, [emoj_leftwards_dashed_arrow] 
\\u21e1, [emoj_upwards_dashed_arrow] 
\\u21e2, [emoj_rightwards_dashed_arrow] 
\\u21e3, [emoj_downwards_dashed_arrow] 
\\u21e4, [emoj_leftwards_arrow_to_bar] 
\\u21e5, [emoj_rightwards_arrow_to_bar] 
\\u21e6, [emoj_leftwards_thick_arrow] 
\\u21e7, [emoj_upwards_thick_arrow] 
\\u21e8, [emoj_rightwards_thick_arrow] 
\\u21e9, [emoj_downwards_thick_arrow] 
\\u21ea, [emoj_upwards_thick_arrow_from_bar] 
\\u21eb, [emoj_upwards_thick_arrow_on_pedestal] 
\\u21ec, [emoj_upwards_thick_arrow_on_pedestal_with_horizontal_bar] 
\\u21ed, [emoj_upwards_thick_arrow_on_pedestal_with_vertical_bar] 
\\u21ee, [emoj_upwards_thick_double_arrow] 
\\u21ef, [emoj_upwards_thick_double_arrow_on_pedestal] 
\\u21f0, [emoj_rightwards_thick_arrow_from_wall] 
\\u21f1, [emoj_north_west_arrow_to_corner] 
\\u21f2, [emoj_south_east_arrow_to_corner] 
\\u21f3, [emoj_up_down_thick_arrow] 
\\u21f4, [emoj_right_arrow_with_small_circle] 
\\u21f5, [emoj_downwards_arrow_leftwards_of_upwards_arrow] 
\\u21f6, [emoj_three_rightwards_arrows] 
\\u21f7, [emoj_leftwards_arrow_with_vertical_stroke] 
\\u21f8, [emoj_rightwards_arrow_with_vertical_stroke] 
\\u21f9, [emoj_left_right_arrow_with_vertical_stroke] 
\\u21fa, [emoj_leftwards_arrow_with_double_vertical_stroke] 
\\u21fb, [emoj_rightwards_arrow_with_double_vertical_stroke] 
\\u21fc, [emoj_left_right_arrow_with_double_vertical_stroke] 
\\u21fd, [emoj_leftwards_open_headed_arrow] 
\\u21fe, [emoj_rightwards_open_headed_arrow] 
\\u21ff, [emoj_left_right_open_headed_arrow] 
\\u25a0, [emoj_black_square] 
\\u25a1, [emoj_white_square] 
\\u25a2, [emoj_white_square_with_rounded_corners] 
\\u25a3, [emoj_white_square_containing_black_small_square] 
\\u25a4, [emoj_square_with_horizontal_fill] 
\\u25a5, [emoj_square_with_vertical_fill] 
\\u25a6, [emoj_square_with_orthogonal_crosshatch_fill] 
\\u25a7, [emoj_square_with_upper_left_to_lower_right_fill] 
\\u25a8, [emoj_square_with_upper_right_to_lower_left_fill] 
\\u25a9, [emoj_square_with_diagonal_crosshatch_fill] 
\\u25aa, [emoj_black_small_square] 
\\u25ab, [emoj_white_small_square] 
\\u25ac, [emoj_black_rectangle] 
\\u25ad, [emoj_white_rectangle] 
\\u25ae, [emoj_black_vertical_rectangle] 
\\u25af, [emoj_white_vertical_rectangle] 
\\u25b0, [emoj_black_parallelogram] 
\\u25b1, [emoj_white_parallelogram] 
\\u25b2, [emoj_black_up_pointing_triangle] 
\\u25b3, [emoj_white_up_pointing_triangle] 
\\u25b4, [emoj_black_up_pointing_small_triangle] 
\\u25b5, [emoj_white_up_pointing_small_triangle] 
\\u25b6, [emoj_black_right_pointing_triangle] 
\\u25b7, [emoj_white_right_pointing_triangle] 
\\u25b8, [emoj_black_right_pointing_small_triangle] 
\\u25b9, [emoj_white_right_pointing_small_triangle] 
\\u25ba, [emoj_black_right_pointing_pointer] 
\\u25bb, [emoj_white_right_pointing_pointer] 
\\u25bc, [emoj_black_down_pointing_triangle] 
\\u25bd, [emoj_white_down_pointing_triangle] 
\\u25be, [emoj_black_down_pointing_small_triangle] 
\\u25bf, [emoj_white_down_pointing_small_triangle] 
\\u25c0, [emoj_black_left_pointing_triangle] 
\\u25c1, [emoj_white_left_pointing_triangle] 
\\u25c2, [emoj_black_left_pointing_small_triangle] 
\\u25c3, [emoj_white_left_pointing_small_triangle] 
\\u25c4, [emoj_black_left_pointing_pointer] 
\\u25c5, [emoj_white_left_pointing_pointer] 
\\u25c6, [emoj_black_diamond] 
\\u25c7, [emoj_white_diamond] 
\\u25c8, [emoj_white_diamond_containing_black_small_diamond] 
\\u25c9, [emoj_fisheye] 
\\u25ca, [emoj_lozenge] 
\\u25cb, [emoj_white_circle] 
\\u25cc, [emoj_dotted_circle] 
\\u25cd, [emoj_circle_with_vertical_fill] 
\\u25ce, [emoj_bullseye] 
\\u25cf, [emoj_black_circle] 
\\u25d0, [emoj_circle_with_left_half_black] 
\\u25d1, [emoj_circle_with_right_half_black] 
\\u25d2, [emoj_circle_with_lower_half_black] 
\\u25d3, [emoj_circle_with_upper_half_black] 
\\u25d4, [emoj_circle_with_upper_right_quadrant_black] 
\\u25d5, [emoj_circle_with_all_but_upper_left_quadrant_black] 
\\u25d6, [emoj_left_half_black_circle] 
\\u25d7, [emoj_right_half_black_circle] 
\\u25d8, [emoj_inverse_bullet] 
\\u25d9, [emoj_inverse_white_circle] 
\\u25da, [emoj_upper_half_inverse_white_circle] 
\\u25db, [emoj_lower_half_inverse_white_circle] 
\\u25dc, [emoj_upper_left_quadrant_circular_arc] 
\\u25dd, [emoj_upper_right_quadrant_circular_arc] 
\\u25de, [emoj_lower_right_quadrant_circular_arc] 
\\u25df, [emoj_lower_left_quadrant_circular_arc] 
\\u25e0, [emoj_upper_half_circle] 
\\u25e1, [emoj_lower_half_circle] 
\\u25e2, [emoj_black_lower_right_triangle] 
\\u25e3, [emoj_black_lower_left_triangle] 
\\u25e4, [emoj_black_upper_left_triangle] 
\\u25e5, [emoj_black_upper_right_triangle] 
\\u25e6, [emoj_white_bullet] 
\\u25e7, [emoj_square_with_left_half_black] 
\\u25e8, [emoj_square_with_right_half_black] 
\\u25e9, [emoj_square_with_upper_left_diagonal_half_black] 
\\u25ea, [emoj_square_with_lower_right_diagonal_half_black] 
\\u25eb, [emoj_white_square_with_vertical_bisecting_line] 
\\u25ec, [emoj_white_up_pointing_triangle_with_dot] 
\\u25ed, [emoj_up_pointing_triangle_with_left_half_black] 
\\u25ee, [emoj_up_pointing_triangle_with_right_half_black] 
\\u25ef, [emoj_large_circle] 
\\u25f0, [emoj_white_square_with_upper_left_quadrant] 
\\u25f1, [emoj_white_square_with_lower_left_quadrant] 
\\u25f2, [emoj_white_square_with_lower_right_quadrant] 
\\u25f3, [emoj_white_square_with_upper_right_quadrant] 
\\u25f4, [emoj_white_circle_with_upper_left_quadrant] 
\\u25f5, [emoj_white_circle_with_lower_left_quadrant] 
\\u25f6, [emoj_white_circle_with_lower_right_quadrant] 
\\u25f7, [emoj_white_circle_with_upper_right_quadrant] 
\\u25f8, [emoj_upper_left_triangle] 
\\u25f9, [emoj_upper_right_triangle] 
\\u25fa, [emoj_lower_left_triangle] 
\\u25fb, [emoj_white_medium_square] 
\\u25fc, [emoj_black_medium_square] 
\\u25fd, [emoj_white_medium_small_square] 
\\u25fe, [emoj_black_medium_small_square] 
\\u25ff, [emoj_lower_right_triangle] 
\\u2600, [emoj_black_sun_with_rays] 
\\u2601, [emoj_cloud] 
\\u2602, [emoj_umbrella] 
\\u2603, [emoj_snowman] 
\\u2604, [emoj_comet] 
\\u2605, [emoj_black_star] 
\\u2606, [emoj_white_star] 
\\u2607, [emoj_lightning] 
\\u2608, [emoj_thunderstorm] 
\\u2609, [emoj_sun] 
\\u260a, [emoj_ascending_node] 
\\u260b, [emoj_descending_node] 
\\u260c, [emoj_conjunction] 
\\u260d, [emoj_opposition] 
\\u260e, [emoj_black_telephone] 
\\u260f, [emoj_white_telephone] 
\\u2610, [emoj_ballot_box] 
\\u2611, [emoj_ballot_box_with_check] 
\\u2612, [emoj_ballot_box_with_x] 
\\u2613, [emoj_saltire] 
\\u2614, [emoj_umbrella_with_raindrops] 
\\u2615, [emoj_hot_beverage] 
\\u2616, [emoj_white_shogi_piece] 
\\u2617, [emoj_black_shogi_piece] 
\\u2619, [emoj_heart] 
\\u261a, [emoj_black_left_pointing_index] 
\\u261b, [emoj_black_right_pointing_index] 
\\u261c, [emoj_white_left_pointing_index] 
\\u261d, [emoj_white_up_pointing_index] 
\\u261e, [emoj_white_right_pointing_index] 
\\u261f, [emoj_white_down_pointing_index] 
\\u2620, [emoj_skull_&_crossbones] 
\\u2621, [emoj_caution_sign] 
\\u2622, [emoj_radioactive_sign] 
\\u2623, [emoj_biohazard_sign] 
\\u2624, [emoj_caduceus] 
\\u2625, [emoj_ankh] 
\\u2626, [emoj_orthodox_cross] 
\\u2627, [emoj_chi_rho] 
\\u2628, [emoj_cross_of_lorraine] 
\\u2629, [emoj_cross_of_jerusalem] 
\\u262a, [emoj_star_and_crescent] 
\\u262b, [emoj_farsi_symbol] 
\\u262c, [emoj_adi_shakti] 
\\u262d, [emoj_hammer_and_sickle] 
\\u262e, [emoj_peace_symbol] 
\\u262f, [emoj_yin_yang] 
\\u2630, [emoj_trigram_for_heaven] 
\\u2631, [emoj_trigram_for_lake] 
\\u2632, [emoj_trigram_for_fire] 
\\u2633, [emoj_trigram_for_thunder] 
\\u2634, [emoj_trigram_for_wind] 
\\u2634, [emoj_trigram_for_water] 
\\u2636, [emoj_trigram_for_mountain] 
\\u2637, [emoj_trigram_for_earth] 
\\u2638, [emoj_wheel_of_dharma] 
\\u2639, [emoj_white_frowning_face] 
\\u263a, [emoj_white_smiling_face] 
\\u263b, [emoj_black_smiling_face] 
\\u263c, [emoj_white_sun_with_rays] 
\\u263d, [emoj_first_quarter_moon] 
\\u263e, [emoj_last_quarter_moon] 
\\u263f, [emoj_mercury] 
\\u2640, [emoj_female_sign] 
\\u2641, [emoj_earth] 
\\u2642, [emoj_male_sign] 
\\u2643, [emoj_jupiter] 
\\u2644, [emoj_saturn] 
\\u2645, [emoj_uranus] 
\\u2646, [emoj_neptune] 
\\u2647, [emoj_pluto] 
\\u2648, [emoj_aries] 
\\u2649, [emoj_taurus] 
\\u264a, [emoj_gemini] 
\\u264b, [emoj_cancer] 
\\u264c, [emoj_leo] 
\\u264d, [emoj_virgo] 
\\u264e, [emoj_libra] 
\\u264f, [emoj_scorpius] 
\\u2650, [emoj_sagittarius] 
\\u2651, [emoj_capricorn] 
\\u2652, [emoj_aquarius] 
\\u2653, [emoj_pisces] 
\\u2654, [emoj_white_chess_king] 
\\u2655, [emoj_white_chess_queen] 
\\u2656, [emoj_white_chess_rook] 
\\u2657, [emoj_white_chess_bishop] 
\\u2658, [emoj_white_chess_knight] 
\\u2659, [emoj_white_chess_pawn] 
\\u265a, [emoj_black_chess_king] 
\\u265b, [emoj_black_chess_queen] 
\\u265c, [emoj_black_chess_rook] 
\\u265d, [emoj_black_chess_bishop] 
\\u265e, [emoj_black_chess_knight] 
\\u265f, [emoj_black_chess_pawn] 
\\u2660, [emoj_black_spade_suit] 
\\u2661, [emoj_heart] 
\\u2662, [emoj_white_diamond_suit] 
\\u2663, [emoj_black_club_suit] 
\\u2664, [emoj_white_spade_suit] 
\\u2665, [emoj_heart] 
\\u2666, [emoj_black_diamond_suit] 
\\u2667, [emoj_white_club_suit] 
\\u2668, [emoj_hot_springs] 
\\u2669, [emoj_quarter_note] 
\\u266a, [emoj_eighth_note] 
\\u266b, [emoj_beamed_eighth_notes] 
\\u266c, [emoj_beamed_sixteenth_notes] 
\\u266d, [emoj_music_flat_sign] 
\\u266e, [emoj_music_natural_sign] 
\\u266f, [emoj_music_sharp_sign] 
\\u2670, [emoj_west_syriac_cross] 
\\u2671, [emoj_east_syriac_cross] 
\\u2672, [emoj_universal_recycling_symbol] 
\\u2673, [emoj_recycling_symbol_for_type-1_plastics] 
\\u2674, [emoj_recycling_symbol_for_type-2_plastics] 
\\u2675, [emoj_recycling_symbol_for_type-3_plastics] 
\\u2676, [emoj_recycling_symbol_for_type-4_plastics] 
\\u2677, [emoj_recycling_symbol_for_type-5_plastics] 
\\u2678, [emoj_recycling_symbol_for_type-6_plastics] 
\\u2679, [emoj_recycling_symbol_for_type-7_plastics] 
\\u267a, [emoj_recycling_symbol_for_generic_materials] 
\\u267b, [emoj_black_universal_recycling_symbol] 
\\u267c, [emoj_recycled_paper_symbol] 
\\u267d, [emoj_partially-recycled_paper_symbol] 
\\u2680, [emoj_die_face-1] 
\\u2681, [emoj_die_face-2] 
\\u2682, [emoj_die_face-3] 
\\u2683, [emoj_die_face-4] 
\\u2684, [emoj_die_face-5] 
\\u2685, [emoj_die_face-6] 
\\u2686, [emoj_white_circle_with_dot_right] 
\\u2687, [emoj_white_circle_with_two_dots] 
\\u2688, [emoj_black_circle_with_dot_right] 
\\u2689, [emoj_black_circle_with_two_dots] 
\\u268a, [emoj_monogram_for_yang] 
\\u268b, [emoj_monogram_for_yin] 
\\u268c, [emoj_diagram_for_greater_yang] 
\\u268d, [emoj_diagram_for_lesser_yin] 
\\u268e, [emoj_diagram_for_lesser_yang] 
\\u268f, [emoj_diagram_for_greater_yin] 
\\u2690, [emoj_white_flag] 
\\u2691, [emoj_black_flag] 
\\u2692, [emoj_hammer_and_pick] 
\\u2693, [emoj_anchor] 
\\u2694, [emoj_crossed_swords] 
\\u2695, [emoj_staff_of_aesculapius] 
\\u2696, [emoj_scales] 
\\u2697, [emoj_alembic] 
\\u2698, [emoj_flower] 
\\u2699, [emoj_gear] 
\\u269a, [emoj_staff_of_hermes] 
\\u269b, [emoj_atom_symbol] 
\\u269c, [emoj_fleur-de-lis] 
\\u269d, [emoj_outlined_white_star] 
\\u269e, [emoj_three_lines_converging_right] 
\\u269f, [emoj_three_lines_converging_left] 
\\u26a0, [emoj_warning_sign] 
\\u26a1, [emoj_high_voltage_sign] 
\\u26a1, [emoj_warning_sign] 
\\u26a2, [emoj_doubled_female_sign] 
\\u26a3, [emoj_doubled_male_sign] 
\\u26a4, [emoj_interlocked_female_and_male_sign] 
\\u26a5, [emoj_male_and_female_sign] 
\\u26a6, [emoj_male_with_stroke_sign] 
\\u26a7, [emoj_male_with_stroke_and_male_and_female_sign] 
\\u26a8, [emoj_vertical_male_with_stroke_sign] 
\\u26a9, [emoj_horizontal_male_with_stroke_sign] 
\\u26aa, [emoj_medium_white_circle] 
\\u26ab, [emoj_medium_black_circle] 
\\u26ac, [emoj_medium_small_white_circle] 
\\u26ad, [emoj_marriage_symbol] 
\\u26ae, [emoj_divorce_symbol] 
\\u26af, [emoj_unmarried_partnership_symbol] 
\\u26b0, [emoj_coffin] 
\\u26b1, [emoj_funeral_urn] 
\\u26b2, [emoj_neuter] 
\\u26b3, [emoj_ceres] 
\\u26b4, [emoj_pallas] 
\\u26b5, [emoj_juno] 
\\u26b6, [emoj_vesta] 
\\u26b7, [emoj_chiron] 
\\u26b8, [emoj_black_moon_lilith] 
\\u26b9, [emoj_sextile] 
\\u26ba, [emoj_semisextile] 
\\u26bb, [emoj_quincunx] 
\\u26bc, [emoj_sesquiquadrate] 
\\u26bd, [emoj_soccer_ball] 
\\u26be, [emoj_baseball] 
\\u26bf, [emoj_squared_key] 
\\u26c0, [emoj_white_draughts_man] 
\\u26c1, [emoj_white_draughts_king] 
\\u26c2, [emoj_black_draughts_man] 
\\u26c3, [emoj_black_draughts_king] 
\\u26c4, [emoj_snowman_without_snow] 
\\u26c5, [emoj_sun_behind_cloud] 
\\u26c6, [emoj_rain] 
\\u26c7, [emoj_black_snowman] 
\\u26c8, [emoj_thunder_cloud_and_rain] 
\\u26c9, [emoj_turned_white_shogi_piece] 
\\u26ca, [emoj_turned_black_shogi_piece] 
\\u26cb, [emoj_white_diamond_in_square] 
\\u26cc, [emoj_crossing_lanes] 
\\u26cd, [emoj_disabled_car] 
\\u26ce, [emoj_ophiuchus] 
\\u26cf, [emoj_pick] 
\\u26d0, [emoj_car_sliding] 
\\u26d1, [emoj_helmet_with_white_cross] 
\\u26d2, [emoj_circled_crossing_lanes] 
\\u26d3, [emoj_chains] 
\\u26d4, [emoj_no_entry] 
\\u26d5, [emoj_alternate_one-way_left_way_traffic] 
\\u26d6, [emoj_black_two-way_left_way_traffic] 
\\u26d7, [emoj_white_two-way_left_way_traffic] 
\\u26d8, [emoj_black_left_lane_merge] 
\\u26d9, [emoj_white_left_lane_merge] 
\\u26da, [emoj_drive_slow_sign] 
\\u26db, [emoj_heavy_white_down-pointing_triangle] 
\\u26dc, [emoj_left_closed_entry] 
\\u26dd, [emoj_squared_saltire] 
\\u26de, [emoj_falling_diagonal_in_white_circle_in_black_square] 
\\u26df, [emoj_black_truck] 
\\u26e0, [emoj_restricted_left_entry-1] 
\\u26e1, [emoj_restricted_left_entry-2] 
\\u26e2, [emoj_astronomical_symbol_for_uranus] 
\\u26e3, [emoj_heavy_circle_with_stroke_and_two_dots_above] 
\\u26e4, [emoj_pentagram] 
\\u26e5, [emoj_right-handed_interlaced_pentagram] 
\\u26e6, [emoj_left-handed_interlaced_pentagram] 
\\u26e7, [emoj_inverted_pentagram] 
\\u26e8, [emoj_black_cross_on_shield] 
\\u26e9, [emoj_shinto_shrine] 
\\u26ea, [emoj_church] 
\\u26eb, [emoj_castle] 
\\u26ec, [emoj_historic_site] 
\\u26ed, [emoj_gear_without_hub] 
\\u26ee, [emoj_gear_with_handles] 
\\u26ef, [emoj_map_symbol_for_lighthouse] 
\\u26f0, [emoj_mountain] 
\\u26f1, [emoj_umbrella_on_ground] 
\\u26f2, [emoj_fountain] 
\\u26f3, [emoj_flag_in_hole] 
\\u26f4, [emoj_ferry] 
\\u26f5, [emoj_sailboat] 
\\u26f6, [emoj_square_four_corners] 
\\u26f7, [emoj_skier] 
\\u26f8, [emoj_ice_skate] 
\\u26f9, [emoj_person_with_ball] 
\\u26fa, [emoj_tent] 
\\u26fb, [emoj_japanese_bank_symbol] 
\\u26fc, [emoj_headstone_graveyard_symbol] 
\\u26fd, [emoj_fuel_pump] 
\\u26fe, [emoj_cup_on_black_square] 
\\u26ff, [emoj_white_flag_with_horizontal_middle_black_stripe] 
\\u2701, [emoj_upper_blade_scissors] 
\\u2702, [emoj_black_scissors] 
\\u2703, [emoj_lower_blade_scissors] 
\\u2704, [emoj_white_scissors] 
\\u2705, [emoj_white_heavy_check_mark] 
\\u2706, [emoj_telephone_location_sign] 
\\u2707, [emoj_tape_drive] 
\\u2708, [emoj_airplane] 
\\u2709, [emoj_envelope] 
\\u270a, [emoj_raised_fist] 
\\u270b, [emoj_raised_hand] 
\\u270c, [emoj_victory_hand] 
\\u270d, [emoj_writing_hand] 
\\u270e, [emoj_lower_right_pencil] 
\\u270f, [emoj_pencil] 
\\u2710, [emoj_upper_right_pencil] 
\\u2711, [emoj_white_nib] 
\\u2712, [emoj_black_nib] 
\\u2713, [emoj_check_mark] 
\\u2714, [emoj_heavy_check_mark] 
\\u2715, [emoj_multiplication_x] 
\\u2716, [emoj_heavy_multiplication_x] 
\\u2717, [emoj_ballot_x] 
\\u2718, [emoj_heavy_ballot_x] 
\\u2719, [emoj_outlined_greek_cross] 
\\u271a, [emoj_heavy_greek_cross] 
\\u271b, [emoj_open_center_cross] 
\\u271c, [emoj_heavy_open_center_cross] 
\\u271d, [emoj_latin_cross] 
\\u271e, [emoj_shadowed_white_latin_cross] 
\\u271f, [emoj_outlined_latin_cross] 
\\u2720, [emoj_maltese_cross] 
\\u2721, [emoj_star_of_david] 
\\u2722, [emoj_four_teardrop-spoked_asterisk] 
\\u2723, [emoj_four_balloon-spoked_asterisk] 
\\u2724, [emoj_heavy_four_balloon-spoked_asterisk] 
\\u2725, [emoj_four_club-spoked_asterisk] 
\\u2726, [emoj_black_four-pointed_star] 
\\u2727, [emoj_white_four-pointed_star] 
\\u2728, [emoj_sparkles] 
\\u2729, [emoj_stress_outlined_white_star] 
\\u272a, [emoj_circled_white_star] 
\\u272b, [emoj_open_center_black_star] 
\\u272c, [emoj_black_center_white_star] 
\\u272d, [emoj_outlined_black_star] 
\\u272e, [emoj_heavy_outlined_black_star] 
\\u272f, [emoj_pinwheel_star] 
\\u2730, [emoj_shadowed_white_star] 
\\u2731, [emoj_heavy_asterisk] 
\\u2732, [emoj_open_center_asterisk] 
\\u2733, [emoj_eight_spoked_asterisk] 
\\u2734, [emoj_eight_pointed_black_star] 
\\u2735, [emoj_eight_pointed_pinwheel_star] 
\\u2736, [emoj_six_pointed_black_star] 
\\u2737, [emoj_eight_pointed_rectilinear_black_star] 
\\u2738, [emoj_heavy_eight_pointed_rectilinear_black_star] 
\\u2739, [emoj_twelve_pointed_black_star] 
\\u273a, [emoj_sixteen_pointed_asterisk] 
\\u273b, [emoj_teardrop_spoked_asterisk] 
\\u273c, [emoj_open_center_teardrop_spoked_asterisk] 
\\u273d, [emoj_heavy_teardrop_spoked_asterisk] 
\\u273e, [emoj_six_petalled_black_and_white_florette] 
\\u273f, [emoj_black_florette] 
\\u2740, [emoj_white_florette] 
\\u2741, [emoj_eight_petalled_outlined_black_florette] 
\\u2742, [emoj_circled_open_center_eight_pointed_star] 
\\u2743, [emoj_heavy_teardrop_spoked_pinwheel_asterisk] 
\\u2744, [emoj_snowflake] 
\\u2745, [emoj_tight_trifoliate_snowflake] 
\\u2746, [emoj_heavy_chevron_snowflake] 
\\u2747, [emoj_sparkle] 
\\u2748, [emoj_heavy_sparkle] 
\\u2749, [emoj_balloon_spoked_asterisk] 
\\u274a, [emoj_eight_teardrop_spoked_propeller_asterisk] 
\\u274b, [emoj_heavy_eight_teardrop_spoked_propeller_asterisk] 
\\u274c, [emoj_cross_mark] 
\\u274d, [emoj_shadowed_white_circle] 
\\u274e, [emoj_negative_squared_cross_mark] 
\\u274f, [emoj_lower_right_drop-shadowed_white_square] 
\\u2750, [emoj_upper_right_drop-shadowed_white_square] 
\\u2751, [emoj_lower_right_shadowed_white_square] 
\\u2752, [emoj_upper_right_shadowed_white_square] 
\\u2753, [emoj_black_question_mark_ornament] 
\\u2754, [emoj_white_question_mark_ornament] 
\\u2755, [emoj_white_exclamation_mark_ornament] 
\\u2756, [emoj_black_diamond_minus_white_x] 
\\u2757, [emoj_heavy_exclamation_mark_symbol] 
\\u2758, [emoj_light_vertical_bar] 
\\u2759, [emoj_medium_vertical_bar] 
\\u275a, [emoj_heavy_vertical_bar] 
\\u275b, [emoj_heavy_single_turned_comma_quotation_mark_ornament] 
\\u275c, [emoj_heavy_single_comma_quotation_mark_ornament] 
\\u275d, [emoj_heavy_double_turned_comma_quotation_mark_ornament] 
\\u275e, [emoj_heavy_double_comma_quotation_mark_ornament] 
\\u275f, [emoj_heavy_low_single_comma_quotation_mark_ornament] 
\\u2760, [emoj_heavy_low_double_comma_quotation_mark_ornament] 
\\u2761, [emoj_curved_stem_paragraph_sign_ornament] 
\\u2762, [emoj_heavy_exclamation_mark_ornament] 
\\u2763, [emoj_heavy_heart_exclamation_mark_ornament] 
\\u2764, [emoj_heart] 
\\u2765, [emoj_heart] 
\\u2766, [emoj_heart] 
\\u2767, [emoj_heart] 
\\u2768, [emoj_medium_left_parenthesis_ornament] 
\\u2769, [emoj_medium_right_parenthesis_ornament] 
\\u276a, [emoj_medium_flattened_left_parenthesis_ornament] 
\\u276b, [emoj_medium_flattened_right_parenthesis_ornament] 
\\u276c, [emoj_medium_left-pointing_angle_bracket_ornament] 
\\u276d, [emoj_medium_right-pointing_angle_bracket_ornament] 
\\u276e, [emoj_heavy_left-pointing_angle_quotation_mark_ornament] 
\\u276f, [emoj_heavy_right-pointing_angle_quotation_mark_ornament] 
\\u2770, [emoj_heavy_left-pointing_angle_bracket_ornament] 
\\u2771, [emoj_heavy_right-pointing_angle_bracket_ornament] 
\\u2772, [emoj_light_left_tortoise_shell_bracket_ornament] 
\\u2773, [emoj_light_right_tortoise_shell_bracket_ornament] 
\\u2774, [emoj_medium_left_curly_bracket_ornament] 
\\u2775, [emoj_medium_left_curly_bracket_ornament] 
\\u2776, [emoj_dingbat_negative_circled_digit_one] 
\\u2777, [emoj_dingbat_negative_circled_digit_two] 
\\u2778, [emoj_dingbat_negative_circled_digit_three] 
\\u2779, [emoj_dingbat_negative_circled_digit_four] 
\\u277a, [emoj_dingbat_negative_circled_digit_five] 
\\u277b, [emoj_dingbat_negative_circled_digit_six] 
\\u277c, [emoj_dingbat_negative_circled_digit_seven] 
\\u277d, [emoj_dingbat_negative_circled_digit_eight] 
\\u277e, [emoj_dingbat_negative_circled_digit_nine] 
\\u277f, [emoj_dingbat_negative_circled_digit_ten] 
\\u2780, [emoj_dingbat_circled_sans-serif_digit_one] 
\\u2781, [emoj_dingbat_circled_sans-serif_digit_two] 
\\u2782, [emoj_dingbat_circled_sans-serif_digit_three] 
\\u2783, [emoj_dingbat_circled_sans-serif_digit_four] 
\\u2784, [emoj_dingbat_circled_sans-serif_digit_five] 
\\u2785, [emoj_dingbat_circled_sans-serif_digit_six] 
\\u2786, [emoj_dingbat_circled_sans-serif_digit_seven] 
\\u2787, [emoj_dingbat_circled_sans-serif_digit_eight] 
\\u2788, [emoj_dingbat_circled_sans-serif_digit_nine] 
\\u2789, [emoj_dingbat_circled_sans-serif_digit_ten] 
\\u278a, [emoj_dingbat_negative_circled_sans-serif_digit_one] 
\\u278b, [emoj_dingbat_negative_circled_sans-serif_digit_two] 
\\u278c, [emoj_dingbat_negative_circled_sans-serif_digit_three] 
\\u278d, [emoj_dingbat_negative_circled_sans-serif_digit_four] 
\\u278e, [emoj_dingbat_negative_circled_sans-serif_digit_five] 
\\u278f, [emoj_dingbat_negative_circled_sans-serif_digit_six] 
\\u2790, [emoj_dingbat_negative_circled_sans-serif_digit_seven] 
\\u2791, [emoj_dingbat_negative_circled_sans-serif_digit_eight] 
\\u2792, [emoj_dingbat_negative_circled_sans-serif_digit_nine] 
\\u2793, [emoj_dingbat_negative_circled_sans-serif_digit_ten] 
\\u2794, [emoj_heavy_wide-headed_rightward_arrow] 
\\u2798, [emoj_heavy_south_east_arrow] 
\\u2799, [emoj_heavy_rightward_arrow] 
\\u279a, [emoj_heavy_north_east_arrow] 
\\u279b, [emoj_drafting_point_rightward_arrow] 
\\u279c, [emoj_heavy_round-tipped_rightward_arrow] 
\\u279d, [emoj_triangle-headed_rightward_arrow] 
\\u279e, [emoj_heavy_triangle-headed_rightward_arrow] 
\\u279f, [emoj_dashed_triangle-headed_rightward_arrow] 
\\u27a0, [emoj_heavy_dashed_triangle-headed_rightward_arrow] 
\\u27a1, [emoj_black_rightward_arrow] 
\\u27a2, [emoj_three-d_top-lighted_rightward_arrowhead] 
\\u27a3, [emoj_three-d_bottom-lighted_rightward_arrowhead] 
\\u27a4, [emoj_black_rightward_arrowhead] 
\\u27a5, [emoj_heavy_black_curved_downward_and_rightward_arrow] 
\\u27a6, [emoj_heavy_black_curved_upward_and_rightward_arrow] 
\\u27a7, [emoj_squat_black_rightward_arrow] 
\\u27a8, [emoj_heavy_concave-pointed_black_rightward_arrow] 
\\u27a9, [emoj_right-shaded_white_rightward_arrow] 
\\u27aa, [emoj_left-shaded_white_rightward_arrow] 
\\u27ab, [emoj_back-tilted_shadowed_white_rightward_arrow] 
\\u27ac, [emoj_front-tilted_shadowed_white_rightward_arrow] 
\\u27ad, [emoj_heavy_lower_right-shadowed_white_rightward_arrow] 
\\u27ae, [emoj_heavy_upper_right-shadowed_white_rightward_arrow] 
\\u27af, [emoj_notched_lower_right-shadowed_white_rightward_arrow] 
\\u27b0, [emoj_curly_loop] 
\\u27b1, [emoj_notched_upper_right-shadowed_white_rightward_arrow] 
\\u27b2, [emoj_circled_heavy_white_rightward_arrow] 
\\u27b3, [emoj_white-feathered_rightward_arrow] 
\\u27b4, [emoj_black-feathered_south_east_arrow] 
\\u27b5, [emoj_black-feathered_rightward_arrow] 
\\u27b6, [emoj_black-feathered_north_east_arrow] 
\\u27b7, [emoj_heavy_black-feathered_south_east_arrow] 
\\u27b8, [emoj_heavy_black-feathered_rightward_arrow] 
\\u27b9, [emoj_heavy_black-feathered_north_east_arrow] 
\\u27ba, [emoj_teardrop-barbed_rightward_arrow] 
\\u27bb, [emoj_heavy_teardrop-shanked_rightward_arrow] 
\\u27bc, [emoj_wedge-tailed_rightward_arrow] 
\\u27bd, [emoj_heavy_wedge-tailed_rightward_arrow] 
\\u27be, [emoj_open-outlined_rightward_arrow] 
\\u27bf, [emoj_double_curly_loop] 
\\U0001d405, [emoj_math_bold_capital_f]
\\U0001d408, [emoj_math_bold_capital_i]
\\U0001d40c, [emoj_math_bold_capital_m]
\\U0001d42d, [emoj_math_both_small_t]
\\U0001f161, [emoj_neg_circled_latin_capital_r]
\\U0001f166, [emoj_neg_cirlced_latin_capital_w]
\\U0001f1e6, [emoj_regional_indicator_a]
\\U0001f1f2, [emoj_regional_indicator_m]
\\U0001f1f4, [emoj_regional_indicator_o]
\\U0001f324, [emoj_sun_with_small_cloud]
\\U0001f327, [emoj_cloud_with_rain]
\\U0001f329, [emoj_cloud_with_lightning]
\\U0001f32a, [emoj_cloud_with_tornado]
\\U0001f32a, [emoj_cloud_with_tornado]
\\U0001f32b, [emoj_fog]
\\U0001f32c, [emoj_wind_blowing_face]
\\U0001f32e, [emoj_taco]
\\U0001f336, [emoj_hot_pepper]
\\U0001f37e, [emoj_bottle_with_popping_cork]
\\U0001f37f, [emoj_popcorn]
\\U0001f39b, [emoj_control_knobs]
\\U0001f39f, [emoj_admission_tickets]
\\U0001f3cd, [emoj_racing_motercycle]
\\U0001f3ce, [emoj_racing_car]
\\U0001f3d0, [emoj_volleyball]
\\U0001f3d9, [emoj_cityscape]
\\U0001f3fb, [emoj_rowboat_type_1_2]
\\U0001f3fc, [emoj_rowboat_type_3
\\U0001f3fd, [emoj_rowboat_type_4]
\\U0001f3fe, [emoj_rowboat_type_5]
\\U0001f3ff, [emoj_rowboat_type_6]
\\U0001f441, [emoj_eye]
\\U0001f4f8, [emoj_camera_with_flash]
\\U0001f4fd, [emoj_film_projector]
\\U0001f4ff, [emoj_prayer_beads]
\\U0001f549, [emoj_om_symbol]
\\U0001f54a, [emoj_dove_of_peace]
\\U0001f56a, [emoj_right_speaker_with_three_sound_waves]
\\U0001f575, [emoj_sleuth_or_spy]
\\U0001f576, [emoj_dark_sunglasses]
\\U0001f577, [emoj_spider]
\\U0001f58a, [emoj_lower_left_ballpoint_pen]
\\U0001f58d, [emoj_lower_left_crayon]
\\U0001f595, [emoj_rev_hand_with_middle_fing_extended]
\\U0001f596, [emoj_raised_hand_with_part_between_middle_and_ring_fing]
\\U0001f5a5, [emoj_desktop_computer]
\\U0001f5b2, [emoj_trackball]
\\U0001f5d1, [emoj_wastebasket]
\\U0001f5e3, [emoj_speaking_head_in_sillhouette]
\\U0001f5ef, [emoj_right_anger_bubble]
\\U0001f641, [emoj_slightly_frowning_face]
\\U0001f642, [emoj_slightly_smiling_face]
\\U0001f643, [emoj_upside_down_face]
\\U0001f644, [emoj_face_with_rolling_eyes]
\\U0001f6c7, [emoj_prohibited_sign]
\\U0001f6cc, [emoj_sleeping_accomodation]
\\U0001f6d0, [emoj_place_of_worship]
\\U0001f6e0, [emoj_hammer_and_wrench]
\\U0001f910, [emoj_zipper_mouth_face]
\\U0001f911, [emoj_money_mouth_face]
\\U0001f912, [emoj_face_with_thermometer]
\\U0001f913, [emoj_nerd_face]
\\U0001f914, [emoj_thinking_face]
\\U0001f915, [emoj_face_with_bandage]
\\U0001f917, [emoj_hugging_face]
\\U0001f918, [emoj_sign_of_the_horns]
\\U0001f981, [emoj_lion_face]
\\U0001f984, [emoj_unicorn_face]
\\U0001f9c0, [emoj_cheese_wedge]
\\U0003003d, [emoj_unknown]
\\U000fe006, [emoj_foggy]
\\U000fe029, [emoj_clock_face_with_twelve_o_clock]
\\U000fe041, [emoj_rose_emoji]
\\U000fe190, [emoj_eyes]
\\U000fe1ae, [emoj_ghost]
\\U000fe1bc, [emoj_penguin]
\\U000fe327, [emoj_face_with_heart_shaped_eyes]
\\U000fe328, [emoj_face_with_look_of_triumph]
\\U000fe329, [emoj_face_with_stuck_out_tongue_and_winking_eye]
\\U000fe32a, [emoj_face_with_stuck_out_tongue_and_tightly_closed_eyes]
\\U000fe32b, [emoj_face_savoring_delicious_food]
\\U000fe32c, [emoj_face_throwing_a_kiss]
\\U000fe32d, [emoj_kissing_face_with_closed_eyes]
\\U000fe32f, [emoj_flushed_face_emoji]
\\U000fe332, [emoj_smiley_face_with_open_mouth_and_tightly_closed_eyes]
\\U000fe333, [emoj_grinning_face_with_smiling_eyes]
\\U000fe334, [emoj_face_with_tears_of_joy]
\\U000fe335, [emoj_smiling_face_with_smiling_eyes]
\\U000fe338, [emoj_smiling_face_with_open_mouth_and_smiling_eyes]
\\U000fe339, [emoj_crying_face]
\\U000fe33a, [emoj_loudly_crying_face]
\\U000fe33d, [emoj_pouting_face]
\\U000fe33e, [emoj_relieved_face]
\\U000fe343, [emoj_smirking_face]
\\U000fe347, [emoj_winking_face]
\\U000fe351, [emoj_face_with_no_good_gesture]
\\U000fe354, [emoj_see_no_evil_monkey]
\\U000fe358, [emoj_person_raising_both_hands_up]
\\U000fe35b, [emoj_person_with_folded_hands]
\\U000fe4ef, [emoj_camera]
\\U000fe4f6, [emoj_fire]
\\U000fe4fc, [emoj_battery]
\\U000fe511, [emoj_birthday_cake]
\\U000fe517, [emoj_party_popper]
\\U000fe520, [emoj_confetti_ball]
\\U000fe7e2, [emoj_high_speed_train]
\\U000fe7f0, [emoj_pedestrian]
\\U000fe7f9, [emoj_police_cars_revolving_light]
\\U000fe814, [emoj_multiple_music_notes]
\\U000fe97b, [emoj_candy_emoji]
\\U000fe97c, [emoj_lollipop]
\\U000fe982, [emoj_cocktail_glass]
\\U000fe983, [emoj_beer_mug]
\\U000fe986, [emoj_wine_glass]
\\U000fe987, [emoj_clinking_beer_mugs]
\\U000fe988, [emoj_tropical_drink]
\\U000feb0d, [emoj_beating_heart]
\\U000feb10, [emoj_sparkling_heart]
\\U000feb18, [emoj_revolving_hearts]
\\U000feb1e, [emoj_smoking_symbol]
\\U000feb1f, [emoj_no_smoking_symbol]
\\U000feb4f, [emoj_squared_sos]
\\U000feb5b, [emoj_splashing_sweat_symbol]
\\U000feb7b, [emoj_hundred_points_symbol]
\\U000feb96, [emoj_fisted_hand]
\\U000feb97, [emoj_thumbs_up_sign]
\\U000feb9a, [emoj_white_down_pointing_backhand]
\\U000feb9c, [emoj_white_right_pointing_backhand]
\\U000feb9f, [emoj_ok_hand]
\\U000feba0, [emoj_thumbs_down]
\\U000fec00, [emoj_unknown]
\\U000fec17, [emoj_unknown]
\\U000fec19, [emoj_unknown]
\\U000fec1b, [emoj_unknown]
\\U000fec27, [emoj_unknown]
\\U000fec34, [emoj_unknown]
\\U0001f399, [emoj_unknown]
\\U0001f1f1, [emoj_unknown]
\\U000fe321, [emoj_unknown]
\\U0001f570, [emoj_unknown]
\\U0001f570, [emoj_unknown]
\\U000fe059, [emoj_unknown]
\\U0001f5d3, [emoj_unknown]
\\U000feb36, [emoj_unknown]
\\U0001f5d3, [emoj_unknown]
\\U0001f5d3, [emoj_unknown]
\\U0001f37d, [emoj_unknown]
\\U0001f37d, [emoj_unknown]
\\U0001f56f, [emoj_unknown]
\\U0001f574, [emoj_unknown]
\\U0001f1f1, [emoj_unknown]
\\U0001f1fe, [emoj_unknown]
\\U000fe321, [emoj_unknown]
